"concept_id:ID","name",":LABEL"
"d1726146484d9c07aac1bbca034130219c5c35567b972340491f2ba94a9a3ab7","state","Concept"
"c669b864ccb1d52d72b282465de34dcef4d6d6d34a2fd9fa3f64f4e8398c2048","discoveries","Concept"
"0a75fb5bc7c4827894ecf06cc42f87b9f4417d9ed41d086116e92facc4310e97","unannounced","Concept"
"2b563e7fe2fb637b716fd925177af2ec8f118fb9c5487827f058480d3e5a8764","quietness","Concept"
"e85abfa699f3bd6d84255c77023e7f37d636e6a01ca6485aae2f2290d1097d4a","relaxing","Concept"
"580bbec55ba796bae05e664d07589d63e05793df5d0bc5c7cfb5a6d5b25ba05d","science","Concept"
"6d2d54d9c14c8228e57d0135ad3cda5273636e4f93f9b7b3913b2030be7a8587","leaving","Concept"
"3b76e25a38ec5f12ce41bad48d91010b811dd3adddd105f4c78bc4b3ef300fc0","rebellion","Concept"
"622ee7edbd215f360ede2f86175e98732bbc7a01e3f6c5ebc643c1de0819e7da","assignment","Concept"
"1805a182645cd64ea9a23a57785cbcebd8ea19044cb4bafd83dbdf1f75f58052","approval","Concept"
"2b2aa1e5516ddc06fab77aeef1a2d42d67eb640590aae1ee68f7e206ec22a89a","apparatus","Concept"
"8d431d9582ae9c6a2b06feb0268a22e77567b098afb1c2756f11f4b9860c8976","student","Concept"
"6fe9c74956bc5eb60dce28cbebdfd7e8c8ba2abe91da31da6edff4bd448578c1","look","Concept"
"4a9c454056c6c4ce99da97753aa330e268c1a422f66f710ec6461eb6340fc96a","workers","Concept"
"b5a5b4fef32a608d551c89cec172c445abc1ac149f25cd5d07bdfb7bf44f58ba","resignation","Concept"
"60f659892878891f9b104e4985b6f668c95a727f7b3f02dbf48ebcafd6fb0e1b","scanning","Concept"
"dda9b43a285818f9c2e1863cda6a8dcdee0599b076a23253d84ce3e79f34af31","exploration","Concept"
"eff08b641e2487622ad168f1777f99e5251111877768db204c5ef4705e2c64b3","mission","Concept"
"7d2aac8fb72cd51a5596c3adebec0225d54d0e887115d0634240e0123ed41b54","command","Concept"
"8c16c7bee6af9522e7171de91e16c1b51f36b5731bdee0fb08b94c22fd002f27","combat","Concept"
"34e50206031141ae55b0953c5410092b91da703fe9577710e9cd63ecc28a055a","persistence","Concept"
"13fa446b7c2d31d84d6b338132cd0e98772092a7717aec2802f94dae8893aeb8","man","Concept"
"69b11969ed6ba7963defe818b547b8da769e5997d49dd83b3f312b1d93cdb921","outcome","Concept"
"bd932c198c3b2f06dc57edbf782a0cae702bc3435bbd44e2373dcdbc0f5f8e3d","competence","Concept"
"3d7763a5c73b954b5545db1b8553e2ed2adbbd9d264e831a2303eb820b2294c7","pause","Concept"
"8a09189261437077689eaf9bc1fa705f61d241c854bf6e623932b41548363729","acknowledgment","Concept"
"112e8ce8a35ae0fb959a905bb923ee8f4f5f4c1d2ad876e82fbf7d58caf2c8e2","weapon handling","Concept"
"28ee5126226295c1218429325cbd4fc30b08ad5619c4483cb73adfbca44f5302","research","Concept"
"b0495824579d0626e7ebc28d778dd29d97317a02d41b6b762c1fd4cd0e101274","experimentation","Concept"
"8cbfebfa699ba5216fe74424ad6fcfd1450ecbef971b5987a6e45663ccad86d7","security","Concept"
"72ba7c0547c96c5c547ab6f61b219273c5aceabba05d931487bbf2fcdeee2248","courtesy","Concept"
"23831843a48c63be9f9473d47da0cbcb01715985961899a5715d7095c78f451f","inquiry","Concept"
"853b13d89c6ed66db695b4b72b135a9feb4a43e4c62121a3dbd9504e739e7af5","clues","Concept"
"e35a7d7eb29182185a381d527038e361a2475315d177d0dd24cef786c1b836f8","emission","Concept"
"94bc1e19345916d7d9206b46625771e957699f52c12358f19cb4612b60f38b16","language","Concept"
"487dafbce09e50f4e4bd33df872ed28db583f1a5e16d2ad0838010c17dc4cac9","flirtation","Concept"
"92c710371a7c444c80045a9d078452eb998dbef18ea1825c9842915de3638b01","intensity","Concept"
"12a0f89a6194589111722c90e211ce3833283076c6f228b192a759b8dc0990f6","expertise","Concept"
"8f0a4ce25aa7e4d0cae1db4fb02ee14f93b5f982cc028d2f020819e8ff95eac1","announcement","Concept"
"41aa95355fa5a17fa86833cdbafc9d6b6bce3fd024561ab83f612aa08761841d","core","Concept"
"464248164cc9f511c600a9e18fa8c2436d6ab4b06aa212576ed287ec0dc98074","professor","Concept"
"4e7af6450f9578e1490346e22dc152f7500f3b4131a5c498408c319181e0cd56","venturing","Concept"
"ffd8743ce7774b7f00107b9d9985e26d39a66ef43b18f58cdb3374d9af552021","looming presence","Concept"
"f83e630b1bff073b4d3a014031728ea702847809c31cb53161812244ecaac7d9","introspection","Concept"
"7b3358b1811c063cdec19390794a2dc8e4795c856ea851c8759a472943d2902d","conflict","Concept"
"4f2028f56854987078da3fff713d028f2b20ed7fe1d233f9671689b209e01cbf","silence","Concept"
"0e89005a8bb417e521166a2b217e032e6cffcfe067907d310a17d5a2a5c0d9d4","language unit","Concept"
"20ab9a5a848717af31ee5dbded19dd8dce5e22cfd26a40a5af182c5b3ffe4bb9","elite","Concept"
"6967dd6395beaf6b6c4e07e94372987ff3d2c47152778b4e1f8fe41a5fb11a19","human race","Concept"
"44febd5729cba6f3e5be92d7524996680699c94ca31b0fac00cce2b3d2de4b11","descending","Concept"
"7b7a38b509935fe6e244ab34c520f4eb79e798172db2788cff2fa2b9b781f670","disturbance","Concept"
"b780885ca03c7fb438f0590ef73bbaf9475c3254e110cad180b756f37c47dd2b","piece","Concept"
"cd7fb7c1198c7c02117fece5d7a281370073d50b62e11868191cac05bd65a269","pondering","Concept"
"b9f27e3ef64bca519878e8844ff0a04ebf6161897dbe2629edbe706d4674f4de","distraction","Concept"
"aaaf41a40cb8f1e82363247efe4abfcff16645a5697ebfb002d6e19d36863698","antiquities","Concept"
"ef0faa475a221ee6b035d9f7351f5739b5c7fefe53e5792913454d304704e470","mutual understanding","Concept"
"9ea94de1a8a7e0d39b7c7ddc3de3aef1b899fae592bf249add3e972ff2356fb3","dismissal","Concept"
"2e18cc325056b3c70b198a782334610d987fb3a63e65602f979259c32007ee0f","rumination","Concept"
"c6d36126706cdaa1d6a843c55d10a83ab6def550c4600346fc8858f0bdbdf5ab","praise","Concept"
"39d54b38dc3a765466c376424437b23f0f0a5e45768280089445a46bc3184beb","attitude","Concept"
"1e4bc7d43e799a86cbc2ee4128c5c2c2797664d4d76def6bbb4ea390f70597cf","assistance","Concept"
"ae6c32d161301e9369fe47e1fde3b6dfb5616e2197bc99a8494d179853efc052","vigilance","Concept"
"24dee34ed6fb1078139ae76a0092d20efc5755b1af3aca5201f5e46db2eb1b81","retort","Concept"
"9d6911f4eea24d4e0b593a5a6d75c70ad4554b978796506af8f26a5f4304426d","paradigm shift","Concept"
"732301409da81d4fcd235dc2ca1f7daacbdd5e19d0cd63b6a3d0d122c13ed19a","unpredictability","Concept"
"9db290fa1bfd4ea91ea41a0f3258a3ca3ede09f48e17aee3a768519e7e1f3eb3","portal","Concept"
"a0a6fca0dbfe0334eea264ba0b022b89c508d89bd94e9147da21a74f3c032996","composure","Concept"
"8daaed4b686ca14c61bb2aa72efaa16fcfa9c5996feee3d3db13632a45127ef2","science fiction","Concept"
"f25537a79eb6eb84bdc449e89757088411abb4413674fdbe54151866e069b5c5","items","Concept"
"1c9b38dc67bd7fc517acf13d746786eeddcd79602e14d147d0e476d00a8dc69d","defense","Concept"
"dfcf9c31322687985ef3150efeab8bdd6f1fbd46f1d2ea0125521998a020671f","disclosure","Concept"
"831797ffb7465a4bc8b2a5c6f676b4fb6a4639c1f8f17b6b9227025559ddd128","staring","Concept"
"0f825407f5f63d9e95c9ca050de6099e3dbb6c68c2310c7c1d88777114ce14c6","appearance","Concept"
"fad52e2f9c0e1cb2ce57f9cce968b1b416d9c07d6552ad62e2e0d1570cc3b6ae","stillness","Concept"
"1d741ec5ec2421d6085c9e6a5b0db578ad45b76a8d40dee7c373bf9fe3a5bf74","aircraft","Concept"
"1157701535f4e651608199491d7493ae418679569f4837434cb9ee6ddcacb17d","actor","Concept"
"b2d87b25deec635f3e5fe42b920c2d0719591d580079ef3004a9a4fe1ce2fc5d","pausing","Concept"
"a92024aa6032c2852ffa4759208277ae2891c21c629a74021102afc833f8430f","sitting up","Concept"
"422bfdb47c3a0873cf8b0dc937d0d83db989ff58327965e6dd63dcdc306f6b2d","base","Concept"
"d95bf4470024539f6d91fc38eadfa657d602bbf992a25986f2f9e87d8e056ea8","presentation","Concept"
"af8ea05e0db7511525c663a46a8d7f3d6c122e6735620799e5d0e0879197c3e0","people","Concept"
"c805b65b9ee60282b4a6a5c61abf1f96bca0826a0c147bab0b524ed18dd6610c","deception","Concept"
"6cffce8e22f4f081365768ceb83c6e0adfa99a243a0343f2dc51140e152139d6","group","Concept"
"ee270ed17d2fcdc4fad6614ca844561d48b568447a2fff7091313e5b94ef037d","closed-mindedness","Concept"
"233e57120ea2d181754146c43072351cc80625ea9355e5c3118f509680beb5a6","discomfort","Concept"
"46b63aaf5f9164fadf19508924dfaf98ab38d2cea0280c8292b4985a0d45a63a","positioning","Concept"
"92c707e7492a10d899f7e8b61cb08d84970f840bba299e9faa7b6ed0ce0b4804","sacrifice","Concept"
"b36b777f0522ae5d22c83e0f8909e7f62542793e4686adfafe2e517d9eb64388","fatigue","Concept"
"f99659909cf09ec813407aa0eba2eed88b10b32fa52a6161a8d4a31c68e4d95c","emotional shift","Concept"
"86035cb539eb9972dae33c860941c8427a27647500cce88549e2b5577e6a90a6","squad","Concept"
"4e7e33033cea0963ca4cb64f50c7246b249b205160b944f1587b0c1d6b51235e","commentary","Concept"
"774ea1f02ebdbea3d8e825b393a25f7e225902c905e9666a8b87f81b3c0844aa","statement","Concept"
"1aa70037b514a74004bab904736171a73d8f311e86e55c52e86fbddf001371db","organization","Concept"
"03870de14b1872d6dfb3389651a062714e9ef27bd32f3d3ce04750fd7553d376","discourse","Concept"
"6e2c0d67c9a1c07d5e06dcc7c3f1ee7d0c96047c08b1a5fa33c385a736268487","cluster","Concept"
"800691ea46a799afe2b4d45717037f16ce61f67632b78eef7db9ba83ef376fe5","sabotage","Concept"
"5b4957131337bbba64b4574f4aa452e077ada6806c8a2d2cb55f8318042a68b0","retreat","Concept"
"5c4650fcef52d3b23fd9cf8b7684c38d5431a1c6c08d4c2523f8a81ffcaaf57e","mankind","Concept"
"f0bcaa1698a50e1c8c24c16665121ac92bb3e443c7f2d14d7762043c754a52c5","inclusion","Concept"
"668eac6c62750030afe4e4f08dfb37e5f42dd19c4473a4bef767fe6c16008ea4","gravity","Concept"
"be7766aa46f59c274200f6a9dba309deaa7b8edda801082c1701c572bc2fe3a2","peril","Concept"
"c5f767d85606bb1f673d854f3ea0a89ff41c3fe43e03ce48efba2bd8ce174919","congregation","Concept"
"ab8575e45fd412ce3ff5fea0debfc05dc4561203e002506c0b605f2cfdaad2c0","design","Concept"
"da7de9473012b6d7b993222683fcb51c7b2c8e705f7a94e3b067cb475260718c","agreement","Concept"
"14f33186d0e26aade87201c6db9b689a6f22b0b5dfda36804610cbebad76696b","scrutinizing","Concept"
"4eff8ab506a9d3f53941e88dccf260cbf6dbf0f4fce02213ce41e693df56fe69","calculated risk","Concept"
"c616944b3dc8753e1684f3533ffd559fbd994a171f3e41d3693a12841c9a7fb3","frustration","Concept"
"06b06e8f2201bd362c8f97e67317339d12c8ffd29def0bf14a2ccac235ab0711","intrusion","Concept"
"e17cacb5d99ee9979068f9ca427d33bfe85901776c73eef5143ea38689c2ed54","puzzle","Concept"
"e538107d4fa7410d1180cb884674c31d2192d857b72444ffa737aabdbb9039f9","designs","Concept"
"ab2bf0bd01dcc28648b33fb080484ec95ef423d12a1b5db3315e20921e63b465","personnel","Concept"
"cb55d0df6b735ef61b097678f6bd73019504c58749267e7ed9ad280116765c68","recognition","Concept"
"7ddcfa88755df3572fbb1100f1dd7855e518175d019792b2ae5890d1c3449a67","transition","Concept"
"00fcab9361022a9ed7a9e44d25b2250131a05c056918bed678fc0d9c42f7b9b5","file","Concept"
"2785bc56735aaa2458fbf6662a6c2e1aaa600b492ade1e11c33ca884ad05c368","skepticism","Concept"
"1ea88c09a01fee552b4079e7021cd10286a84305a4f9e424e7e336315e16e421","finality","Concept"
"26f90357760e61cc02323c7013060bb2a4bb6d65f1fd7f230ed39a3ab8ac17f5","interruption","Concept"
"946c58826e9d866f2c7e0458cf6fcac9ea30397493fcc867adf87f1e2f40ed45","work","Concept"
"94571731bb93af7cd711ee2246c1bd3803b883d6d842f28c42712a1a6fa05883","anomaly","Concept"
"2e2e6030adc97cb643adf768138a87a96303ecf7b90fea5fe538cc1a7fc54f94","rejoining","Concept"
"6d7608cf05082aa84623ac1bc3695d9ff259a209420cd75794221f34d4254cf5","military operation","Concept"
"15249169fc427fcc9cebe729040d12ff6b84908adcc096d1494788c405c6faad","immersion","Concept"
"9325fd5da4a44513848881a53e31ccce532dc82cca7a5d6226eaf22a4ecd1419","environment","Concept"
"2b09d4a0d5e627b2c5844ffc0d25439363aa6040d8aee455549faddcd7fa40b1","profession","Concept"
"e6083588da3252c0b37501e61ae047082cb91171fac07e9b68d219f9e9d9f786","unit","Concept"
"0f28bce201276df69b36f128fafd964b8938337ee763094984b2f212fa0675a4","desire","Concept"
"cb813fd7fedf07f1f0fd4a249b240ef43798352720b608223de2e6dce59d14c0","risk-taking","Concept"
"ae8f3243c37ee142b4100c9c544e5674ec1b8bea22958a5cac7f7e2daee615db","innovation","Concept"
"10ba536f7e7c5d973150fb6b75a1f9a2c47ccb34783cec74c35bc00a10807c68","constraint","Concept"
"c6e545ee3b0db96732d419b72af00144bec22f0cceacf7e852915d313f8e766a","obligation","Concept"
"452e302bc736858abeb780ca2cfeca11d615916b0b98d697ddbb237aa5573cde","mockery","Concept"
"e9703338393b419663d2e909ff8a183958d70530b8502f0525ec451289056f37","explaining","Concept"
"db2e406cf890637b9bdabbc69f0e7d9a2ad7642edd28e98f08e4bff2c3a72a44","assertiveness","Concept"
"ed52bffef1b3b1c4fdd716783e571f8cd8764afe42d6c732aefa6ec41fe758a5","vertical movement","Concept"
"600549dd7a0f7152ec80ae60bad51b49a9cb390ab8f8eb275c98324957de3fe2","leader","Concept"
"f7d832e3ad0b8a1ab307b962127a04bb2e4cff0bba07e6556fcc53f9dd2f8d3d","power dynamic","Concept"
"6a41b75a22c2fe19023d1c8a8d570e1da639f3563c41d2d2c8ccf3f9f1e83a41","posture adjustment","Concept"
"97297827bff43ee96dfba0265e6d87aa201e1ca6ab7c2577b8cf7168d1f082a9","problem-solving","Concept"
"4164a554b0cd66a2a6ff2ee15dbcd7430ce4e185e2fd534381b1fbe5d073ab36","pattern","Concept"
"f85b5d9a35c23892a7ca45cdff353baf28a7d97cae3a57dc8473786a76f83a5a","system","Concept"
"499aeb41fb6edbb8b8f3c60fc1676e2710d313eb06ffaf00b8d36583eb75a283","re-engagement","Concept"
"ee5d79982615eff6e54e12a0562f0cf995c8ab46da805f5e66cb96f5000552df","force","Concept"
"467d5cafb8c4202ff943d6bc8d266461438bab62860b9b7b60794572f44b088d","fortune","Concept"
"3a2e6ce6db8553c3407c470266ccb972955bb9c3e005ca6cc69badb1dc574fc4","activation","Concept"
"95ea60ea769a36dfee8fcda1b3a8763009fcdd6b68446a889b54da830a568810","admonishment","Concept"
"da0079fd0ce33989815e1e5cfb31bf24efed9ab0fc6434ba088917778c4efa19","mutual recognition","Concept"
"bd3b60a22df0715336e687390ae830f94def9d1286fbbc0ecaabe48624937fdf","function","Concept"
"869962d8aab23645e699dbb7efff33da7e8f3f3b944c676d07cb3e2027fc9015","set","Concept"
"e51617c4d937303ef7f6aad5f7b68f03d747067536207cc7eb2b3ded47ccfb71","event","Concept"
"7b0b8980faa9eda888f5e7572ee3b28af94404cbad83c24166c9e5b6e284517b","protocols","Concept"
"4515c10344007e126507178d0465ee13c17614a83fb1bc130ed7f13acefa7ec6","reaction","Concept"
"462dd2328d5950d1c786c7157fd9812b1721665bd7c77bb68519fed903eb4bc3","barrier","Concept"
"daee8f603814697502c971253591bfffade2830273aa516e69cf867d6acdade3","proficiency","Concept"
"dc116491228b761483c3f68539b0aa3289fcff27edf90ae7eb8d2096a388cd61","gamble","Concept"
"bd2088bc2a34a1e55b636082e477d9ef43bc68773d8b399f0fe030073364a2bc","comedy","Concept"
"036ba02693713a1893a5b672221d9dc56b84f7bb8d5d9bb18820d0e23f164f06","operative","Concept"
"2a5b5342de8fc1a1c26128b8dec1dde96e9af654a31a8954940648350c2edaef","shock","Concept"
"bd6883b59a68f58a49cf4a1605a10209768c70a30694e6ad6bcd9d08cc4cd616","speculation","Concept"
"d7428cc6df250ced65b1c9ce7fcdc013b1451b9d476e83497b5d1e422afe85c6","assembly","Concept"
"c38a399221dae7f44b88c8db5ea0c794e9ca6d87bd726fbc39590d24c85c802b","laughter","Concept"
"f4174fb065ed74cf838cfe8074ddeca03829541559dc76a3b60888f0f72bf1e7","individuals","Concept"
"358124948ce2e83aeb1322a1f6a3e99db2e18d254b7e3ba02e373a697c6dcb59","realization","Concept"
"f4415bd32bf5de17ed04d114d6cee44c1819b1eaf2aaec2cdc91743ecc2855a5","police officer","Concept"
"e4998139b14e4728487b5b83bbeb0071e44248bdcf6b2d4e2bac3d05afc33b5f","challenge","Concept"
"a2559950b213d00f9bc0a505302e5c15cfbcb1651e3c9b1b70026e09e7f553bb","vertical transport","Concept"
"56e6d94f2b4a722567eb04c394e41556f37af0fb0f2d430140e9dfa251fae83d","mentorship","Concept"
"9da930e02de741d793373d44ab2bfeedd060990eba60a698ffee70301176e833","workstation","Concept"
"0500c4cc356135aad76eba6a039d9c11a2101ccaeca6a9b64d564d5e9355ae32","awakening","Concept"
"d580491c2fb426db394be42a74a07aef82baf4aea014366c5445aa0ff33f68c9","compromise","Concept"
"fc140c86797baa4203e1bd75c396f5c5cdae50c96acf4e2d4a4a4fe3d10d71d0","secrecy","Concept"
"93917888822cd95c90eb8400528e8a33d8b7bfd9842c2dab9d154bac0407c583","wit","Concept"
"309de847f22f86b11b66357e8dcf7eb9f399dca0f75d81ffb17ef2e288d6a12c","conviction","Concept"
"96a02f9ec66ac2baa2717470ba73d6df7fb715e08fbf0d849a9dda87c14d4d4d","nonverbal communication","Concept"
"8bff83c8d1197e4bc258ac0d41d73529011429278c4fdedb0a939fd6c386b4d3","infiltration","Concept"
"ebe5bddd8509bfcb7bb55dcdcf869afffd43b9ae9de4f1ebc127dc294dd061ad","signaling","Concept"
"32f4148a2729b6cf236b19b9dd3189f99eee819a74f305c6415c5bab00d857f3","formality","Concept"
"3e78ed3af0c03399ad69ec4b0d7ee34fc0203c0058634a0cd2561f71083c8c20","turning","Concept"
"8218d4e720df13cda9db640f764d60e4e8d7d06d622d6a6b4d1b60408e534c3b","reference","Concept"
"9331b82186b0aa013703cd67672a8c1ea5960824495716518da742dff8003167","briefing","Concept"
"119b7746fb748b5bd8fddc6b794db731c62acc883d68dcfb238d43c766c1495e","espionage","Concept"
"b06dcd43664cd604be1719c23892415b476484d7ddfa247f71165daff9cf3633","piercing","Concept"
"650733824fc4b281ab519a40396beb61a4ac7b150444cbc30297c688870d5748","return","Concept"
"72d10853aee169691d846afa0c2d08d2bc78820318016826096d76e7e0311582","practice","Concept"
"2189dc5b54e506b97d496fbe0471891dcbafc761f8604305f0ca2efa602bffe4","control","Concept"
"fc740522b5772d9b36884fe9d8a9ae493888538c493f3f703b23896ab737645f","ambition","Concept"
"e81ec0a32c75782079fad213e84fce38595de6058c3504ab3e0eabb3677c56f0","caution","Concept"
"249419b8ef5eba23ed3306717df270fb92ce6c1c4bef130a48e7ef9d9f81c448","material","Concept"
"99723aac5ef7b3c875f24b676261009918fb180fb4f42996e20e941a909bc3ed","menace","Concept"
"ff19aa5026eaa9c14aa0ca998566b08c099e51b652150e593286396ca326378b","possession","Concept"
"c8eff268039601e6fc5084f3584b500fa937ab47a5a3c98c30072f44fe224af4","scientist","Concept"
"617c1d48a3abd40c35b2a5333aff138375c1533c899f1abd2d20cab5dc1e65a7","self-discovery","Concept"
"73bce06b6d5ef05a9ee06bfabbac46c6a8d020d50e1da8f580c1cbfe00a74210","silhouette","Concept"
"e610d4db4dec0eeca73831264d9d895a2b0b0ebc623089e409dccf8ab700240c","scientific breakthrough","Concept"
"d70019f8326f13ee985425d72e8c34fb20915883fe48b8e2f071615d4a5f4bac","instruments","Concept"
"27c4eb2fd438629cb4466232acf7313c9901e5f24bdee54a3122db70449b08d1","enigma","Concept"
"0835866c22f802972780841b99ae97cb25328ca3f9febce32cca88387bbdb815","initiation","Concept"
"a5c7d1d26b19173098c0ada457fac9f19d58540e8c25bb1fa6b19a00f4268285","speaking","Concept"
"aea551b65c30f7ab733f344a9df7eeaf8e24a4cb73c981cd432eaedfc40d8359","refusal","Concept"
"ca1bf3830c3c8fbc931625384c1e45a547960323c9d2ca38682c2651092049b1","concept","Concept"
"12ef9ec6cb6c804c08749c70ba7f60622bdf4bddf4d32d529e3dff29ebc00f4c","self","Concept"
"fd7cf7285402db5dfe333d9c71c99c204137f1912d976b96778ccecca23e9912","tension release","Concept"
"2935ae2a2cac3f2f72ed011f4fa6e7841dc98cfe724382a63b82c714d54997ed","message","Concept"
"09e377a37eaa21b0c2bb94a7c1cc51385e1ce1b3c7e9ef9e68e3b784e6e3afe2","attention lapse","Concept"
"83f3b05659b1f63a829ec68723e78bd9c61183d6391bae93fda47041806f0c87","communication","Concept"
"e6ad57b352a52488d25293d7238bdb868595b1a4e9b91e3fd498c29d48a3a677","debate","Concept"
"3ceabfb6057a127a94b1e1f10008e44d804ca163adf981fc98cdf016bd38508f","exercise","Concept"
"f725dfdeea859f2307d705328023b3cd3ef3190726e0ad9edf719328ea6818ff","noticing","Concept"
"61fd53edbb3e8fd5243e46b44c43fd6d707aebfab1e004ea05d5faa44016b884","development","Concept"
"c8a46e3094d372a0f9208da1aeaa5f1eed6f3876923ccb5aceb30dca5573be0d","calculated decision","Concept"
"950a76fa1a6e07a3ab1a7765dcad8a059798f16a00fe2e9238c9753ec561e5e2","humor","Concept"
"b4db32f4bfccdfcefb7376f023ad994291efbc8d4ce89d6641b24d0eb0510ba2","harmony","Concept"
"e782d3d62dff8530fe99702494d1623e482bb35bbe7fd12e0a9317cf91afd35f","enclosure","Concept"
"6cc29518a6e0acdaa2adfd54173ceb102bd22e27cdfe14bfef51b6142f7cb0c0","non-verbal interaction","Concept"
"eeb2e09399ad17fb2e0c948ff9f50e8be6a54f8f70934c7960756bed7282c2ab","spontaneity","Concept"
"3657fda43d056a4678ef627e4e46521d693075649836cb91fd1db15ffe38939c","nervousness","Concept"
"74b6916549ef9f36345625fbf74c1c85e5e235e25595dfeefd57a568ed4e537e","self-reflection","Concept"
"b6b92c7320152b02ff6cd28a35e11f72f571ca4492ed735d9f3a1f23993cf49d","mission briefing","Concept"
"538c554615146097f8626a669a513d1ea00925d0640c89289e37d8da544a2314","commitment","Concept"
"8d0d4809e2d01bcc97e5770ece2c65af1c743853fbdbd80c5971d0c2279a70e1","wariness","Concept"
"ba44f46e25bf5350dc20b7832a44dc8273e74d6bca4a0047ec60944d6c70f823","occurrence","Concept"
"fadc1e6beba8b2b1f57e75149a7c7cf8cd5a0b6c930bb861a6e43b052434580b","safety","Concept"
"59c7f277c205b6f61f28055232a6bc28bcaef926e5601abaf4eb6891a01fc012","ascent","Concept"
"7432b3b97214bae551b344ff26d3d318bee565787d176a40cf12ed31397b4d9d","breathing","Concept"
"08b13d99a48d7bf7abb1c2b6d8821f0c1f51a6d6bb1dfcc663e57bd6b04d77dc","irregularity","Concept"
"0363c4dd82f8842cd2dbb254ea1c68c537eeca63ee00cdd7bd41d1a12add5ee2","regulation","Concept"
"39a87a9ee444db545bf6c6a66c55e4894216e66db73ce46fc853fc621f418ceb","reflection","Concept"
"75681179ade751755f3a06e751968132f581d1421a25ea3392b08e893fbb51ed","unity","Concept"
"8765cec1d9b87f11705a3bfb9bd2dba9a9c363486387e2036c81d81ea167528b","interception","Concept"
"5d638a260a89eebab0be8f8d7a4defd7462a7965502d3268f4956e43ccee460a","rest","Concept"
"743f742bd70bae074d352d8b40ea475ba6cae723578c313d9ed3d330b1736e6d","gratitude","Concept"
"9972587630cde31ab08de9176336455c95b068d61ea8a09cd8f565d150d0782a","anticipation","Concept"
"8bfb4b34333c2780c8dc4135d7d4f7117eddde6676dbefbf0276fa413dc614b1","assertion","Concept"
"9a99d4ffe98d67ba6a2636d968ed60ba43fabf6c30e65ad7e836eb1be4739502","burden","Concept"
"07640f138fe2bb7842023ce87ca2e79150159d140516142326a62649816820aa","relieving","Concept"
"12786b5e538ab853e70ff78bd659b90c36db7bdbfa818344535e30c4093e90cf","mechanism","Concept"
"712d64892a00845ab01185fe81367d397b640333a8d5955df9b9167ac25e40c7","silent agreement","Concept"
"6651a9f883fec5314e619d10929cec8cf21d563f2804f1c0a59d4daf1fe5a314","knowledge","Concept"
"3975b54c4692f607982bbadb2289a7e7350ee72e63b83de4f8a522ec3ec57a97","searching","Concept"
"4473429a51537c63ee6b2c1c2dd55a15e8c645796948724153cb1fee60d92f7e","redirection","Concept"
"5a4c4ba17e1cf1f45fe18d70e5066e2f3c791fc72332e0a368d3e5bf316f39ef","pragmatism","Concept"
"66dc3dedb558ed12491b9fe3235698eefff435c6070f30d657bbe87d5b966af1","impact","Concept"
"046cc003f1d119a1eb32ae2577fab493540dceb36a62616e857344b2a5d5c466","disagreement","Concept"
"c4c7ac1d7bbb375bb8ee9cdbdfae994bd318d6da26267db91c7b94932d402af5","pair","Concept"
"9aa3494810631e96a368fc13aa1a4bc75b8730fed76f55b5b23bd86c7a367bd1","object","Concept"
"9a8eec554e033f234a999a01c938df1a3bb3de0aa86459b4b2c1323204e941e9","intelligence","Concept"
"e1f8f591c40ab230ab3c6ce6c51f4dfee66aebd3ec67faa079ee0145fd1db3a4","worry","Concept"
"9919be28bbeaaa85f50170c04e8f6305e3d6128a9a90a997747a4eebe5271bef","gateway","Concept"
"0b15739d0b78ed583536de1bf53a8dacc20efc1cef567d61142257c652a991ad","professional","Concept"
"1f57baf5ce0bff69879085286287421c50ff2e15accfae0737bdf2ea7e5c1084","departure","Concept"
"12cdf9606574406b4100501784f432ca255173ef1f10325f308ba4382d60d539","analysis","Concept"
"cea17243c1406f866c7d7bece7aecd7ec61e03b313f572dd349b306d3a740ccc","objective","Concept"
"4d0c2c92b91b267c659e8b739cdb49a493841d93d32c57fd5833288034f75f9e","surprise","Concept"
"c68705cb54034e15327b814d8ce4b96656bf11e7bcd3aeeb84f932d4b35c8ce0","verbal clash","Concept"
"1eec1ed2c441aa74d2f3d3632ec734c6dfebcec270090ae46f02421ea71ee30b","resonance","Concept"
"b1e2cd870273c6f9d891f6c4c457fe9dd4d96bf954e8c280121284ff6ba59bfc","disruption","Concept"
"9f74470b937614a1fcc08d6be1c968d0829eeda355f68dc37e42eebcae6fcf7b","huddling","Concept"
"5b5ed5412af82099861ce2d15561bc8900985ed64ac4f7c692bbd52e027b5c68","expedition","Concept"
"b75b93e3b1a0f86351115afc7c571323d28b0421e2f3997c557380fd63c312a2","possibility","Concept"
"74e3e15d5af396f031b5c68754620f1452409e9af2339424ed3d39f126ec6686","alarm","Concept"
"6e10a7984068b59cd3c782a0dddb7b75d8dec8420ce486a74a51f08c6d6d1165","unease","Concept"
"10ac0369660b1447b2dba315661f098594b87a94eec0b74ded1f5ae2895282e1","breakthrough","Concept"
"a37422a91d709153c6bac070755a6336373e862785704be07017ab54b699694c","exit","Concept"
"b1d068e45b9cf045e3d1699d96399c1e6ed12b8da95614b6047facaac448c521","sitting","Concept"
"b5f6da9230893ed1c591987771f6ebda0abfd2c31d4d821031a73e43796a92e7","preparedness","Concept"
"12700c5656832b1281333c5dc35dc7d070632b8bf9979aae984b6f5cc5a2e427","element","Concept"
"1d2d9c5dbb5ddd51cf8379cfff7998ece97d5f15f163920e21615eea50fc526e","gloom","Concept"
"727288ecdc065d118632101ec462281dee55039b240f5f7d39bfe11026554599","cognition","Concept"
"fa25a6702eb98daba8d7e2558d4f6a32ca74ca618ed6cdd5a0dc2a4f860a3823","edge","Concept"
"d67df86b342884fe72b849f1a3e1aa4638447bf002dee604d64056389f97eb75","objects","Concept"
"8318ef2d16d9196557129bbdd5c230e11e50d71804da07484c6e13e32a6a86aa","overwhelmed","Concept"
"87017e2d13f64e309307b921cbf805bfa9fdbcd0e488f3326bdea44afb90ca95","unexpectedness","Concept"
"3371e92dcb00e3771abf762000cbaf66e54c65cd7f3382323fc182990bdc8292","advancing","Concept"
"d8d0e5ac75d0c63960311e990c421f858d07609a7f0d25d0699f8512f894c566","reflecting","Concept"
"fde5d48098073b9435a3c58a43d7b09cd7a9aeb5a860d345a252e20b9dab25dc","dilemma","Concept"
"520c33be8c986b6adc56a7e290d88d4bd44f9f85c1867e26f7a57ec9dda1a386","hope","Concept"
"13837da9c71a4f3658f26fc0d4854355289ce8a6268ccf0e61475f33da9037b8","passage","Concept"
"be39f7a3d4382de6ed02a5ecd2a3689900dd4f642ae0713fdc17857d652d8a04","concealment","Concept"
"995aeff431a67ae90af649101122fa793eff8aa84937d41e87808cf61a115e0e","deviation","Concept"
"09adc04317c20f2d0d98a425490a0dba0f7cda4bd41fb1d0d37b926a4f7859a6","entering","Concept"
"81b0d7dad2aa7b959555fb29b3ca596c3a7b4b917ed020ba86bbb13b425493d0","movement","Concept"
"d6a14171416ddb774e57b5aab7a159ef94ece4f30d3499250d06b1a968a10334","skill","Concept"
"f6f3379c6a125de26347d2b5e2e1e4ce1ef876fab3c8a325ff9a41c2732d3e25","scholar","Concept"
"912d893f3ae1547a25d06b2c256ee2f9532ea25538f36bb5bda620be8c021dc9","reporting","Concept"
"2c13271f11c4c6262387cfd5b40ce551beaab807d29288573b48e2d7894ecfab","repetitions","Concept"
"2e92730309058b38301ab32fc5e8d7909542b31deef61ecdae8722562a2d8437","observation","Concept"
"d6611d5aba02499830d00b90014603253f519bc794299dfe31d5ee77a30bda38","mechanical failure","Concept"
"c57e9e8b2becf083a8ea3c0d2a58b7b3393f8e81ef6b5cb120be6ada079c60a6","paralysis","Concept"
"d64d29261baece98636e37b63e6a39433cfdacaf71ad1678b1b1b2d281c76b8c","conversation","Concept"
"79485bb0afa87b08a05e2782b011f49d0bba5321b3e816ebf9309b7f455d7239","flight","Concept"
"b2eb56203173e2de36235dd8a7221b64e59d9064668406acbb57a2763e6419f7","rhythm","Concept"
"e3931123e482587523d2e4a04de0ed2883456754673603086c5badd67823e013","arrival","Concept"
"a32fe3d9f7471a29f9b1a8f0f72c77c874508e4681a4b7eef616a24758c7d010","storage","Concept"
"65466f692605ba8602699e7ffb771e5bff7f137973f04f445bc08e3d510ca1a2","routine","Concept"
"99252c3da58f7630653078166508553a536d593a91af67ab3145d896ac44d104","brink","Concept"
"d6430a208f0c267fee1d63cfb5674e319a76cf972ab23c163802d49f39ee7b0b","observing","Concept"
"1189f9551c45f80f53b03c7780ed39a65acba5a4fd42658e5a47a63f84eff5ae","intimacy","Concept"
"dfdbab3b699721ee0987813027cea008d643d9e11cc55770d82eb663eab4218b","debriefing","Concept"
"657d39d8b5bcd00bfb357c3af3f39cc16d8f8d03d2b3d627cc7b8617892396b0","feeling","Concept"
"9d90ad5199968eda965312672f703f7e4ec5171368cda6fa266df03902314006","scientists","Concept"
"1f3c3b23df1abddbb89eececf74f30a6882dafd1bc49a681b0baf9acf5795da1","ventilation","Concept"
"db43736b19b01b1164e4483ed83c2e2d6d2c5793ee8ebcdbe53208fee13e49c4","precision","Concept"
"a8f7b9556fe65e8c642fb8c8880175e457f8c8be9d8e7510997246be43a47fee","center","Concept"
"d637469ff7bb7a528c38375ecef3e148f7f892db35fc510f26082e0c94430e45","law","Concept"
"e9b52e83a2497e9656a7b6030ddf5175d54c4f991cacebd04f074ae42e103c3e","person","Concept"
"7eb84a54e9c5abee6afa8427933bdb6575ba82e82aeca41c9e5a92ab93e0eed2","decision","Concept"
"bc30456e7b871f1c2d7f262f820490dd9271e6f0e0eed71b62948d8557fb9aa1","confidence","Concept"
"bb0cb1d353fbaeac834a28fba94d1ef31bdc90ab84036cf52a7e236889491883","patterns","Concept"
"719c746b638be7e34f7c25a356c5a75c40304d86a8fdc2682136b7bd8eb4a261","judging","Concept"
"363ef112c4fb431c8321024509193ec6cc5b833a833dbdad38b6287369309123","curiosity","Concept"
"995dcf6bb381384c0d9422a7234b1e13197c07a2165c6121242baa7da2d13461","mobilization","Concept"
"9bca17cee879723b4bdb0c30d942233551f685246bf7ba4be9d441ed33f0fa86","gaze","Concept"
"da0a290a19615cd3b4182af36750e51839d606228e2f8e6281c004d5cea47aee","politeness","Concept"
"288bdd051a292f9273b19c51f89eb151b37a5fc59b64b6c9d6fe9bc72510da7f","contrast","Concept"
"7c5e4241472208678a43ed434920e77f96138bc7140c282c0fc8d3a5f0c1d7c5","looking up","Concept"
"3483b1feb5217804cb4eacf11c4ab66da9f8e1f8710aa5c8444a6a942af3f6f1","directive","Concept"
"35c996ac6aa3f7c2d35b1bca213ef0eaf56ac50baa7c3a79f12ce8131d0a0cf8","destination","Concept"
"1793a338d883c3174628bda41de1c40a8956e795406ae9749865b818f1b40784","operation","Concept"
"97c9d5fffe051b1ea6e823fc8e92d558f0cc428bc530645178257245157f1b26","contemplating","Concept"
"2436e413e4e4db21e460b953ffcecc362231de8ad5b682f72408709dd274a316","pronoun","Concept"
"4440d4ce3a2ad458316f5ce906f34d97db330fad9b59f76ff4f0328aa4fc2a6d","pressure","Concept"
"3480b33137b569a1c590ba5e8c2f397e28f2794871b06011899b6b74400a0220","rapport","Concept"
"958f7a39200d87acaa93893a9f852009e82faee303700f1f6e7af9f33f7ca02e","sharing","Concept"
"f57d84c08e92de7b3adba42739d052f9e5e6b91382a0e65ea47f97706ceb76fe","materials","Concept"
"b9aff30347317d4903bdf95ba05af61a323c788e2351d29fbb0075c9a0b62e37","scene","Concept"
"367c6e4371547f114d0fd4c19ba3775d04de440bc53f43b89b267cb0dd80bb34","expression","Concept"
"d71517496c162aff878cea6424834734119457f65125bdd7c8880541fd09386b","collective","Concept"
"995d8183d25972fd654f6b76e725839a012af064bd01168fbed434df81362330","civilization","Concept"
"8b1f6b10a22f6c182919c9c996de6574ded16c8d110ef38a05826ee498c0ce70","anomalies","Concept"
"dd7295e1a05aac88732a36f8fdf3e1d9bf7028963a1883dd23d6f8d036971eea","technical work","Concept"
"50b797d0f544bbd655456854362e8e920c72e2359fa03c1005efee9cbe7702c4","check","Concept"
"59fc8e3d1fa6a6c1912d7cf4a1c40d726c55a6a0548623ec7c6c9929f6405e0d","interface","Concept"
"eda090b4fb7d8215c628146541455bd736aa084923f8ba0aa1e1612518208807","rebuke","Concept"
"0f2d8be743adcc62e12abfa83515c0f2f4981162d64a1a21482963c1e652e1fd","comment","Concept"
"a5965d3c61ec771b0bd2fcf72486f0875bf8e819da31d2281736232e6cb4863e","initiating","Concept"
"7e08ef70ac55c9b059f1c8d005b42fb0ce24f1fd7e4f2e6533bbf983dff976e8","courage","Concept"
"567bb8526a40fd33a88f51615cc5746ac234fa380c5511312ad64705698ca322","confinement","Concept"
"33851bdc4608da7542753e9edf1dc2e95d670ff864e26a1f3353279b2b0ef8c5","progress","Concept"
"c48bd420b9995c0be71f62c4103ffed768009e62ccd44f2f7dbe279a5e6d99c8","determination","Concept"
"c513bf80291f0a303e1e47a24fce397fd53a6801beeec3642676f03391dcca91","audience","Concept"
"67d272b31ef0ac1527123cfd812fdf998a028c8591b037a8c62260d5abd6df51","isolation","Concept"
"69dd37c8b0c6c7f57e7a70815982e428197fca41d420258f3089ed208d5d6914","point","Concept"
"988ebf0465a27ce12048bac8596b0b2253437a469a08e236834665ca57c24d48","population","Concept"
"4f7d216853de3a182632e84dd380d6bb1314c6decae04d48ecaea8e038ccc147","alertness","Concept"
"c8d6e39b55356c6124fcbfa8c5fcd2e3fc59ecfc1dec0579e2310db85a867744","stubbornness","Concept"
"340267d42d20bfc0dd8da8114a9cfa524b5e64c95aad5515de2e98c856e07659","obscurity","Concept"
"53e3ad797fe675cd78d05226900f793efab95edd39002cd1c8f0d2e8fddf4839","responsibility","Concept"
"90b854a47700aa3c06fb247ea9778844ddac2837bbdd3f35e82b5724d5bd99c6","evolution","Concept"
"80477649bb87d92b67c56d33920ad8c939ffec18f2f9ec4f73b09f9f3771bacd","interjection","Concept"
"20af3a2fbd89a581111d017fafd85c79366685cc19bde6e6032360b90560b502","healing","Concept"
"d1235a412aed6b20cba36e69b6cff998f0f30868bf511c446085a494ad205ca2","duo","Concept"
"f21b8bf7cbf142db5b83af45dec58cdc7c3f3b17d5ef30c33b39cb3f7c931be3","information","Concept"
"4df7b6fc39654dc967e16eec2fb2579d3ffe2af6ded917f903d848f02b82f071","proximity","Concept"
"5a6b0796afc25c83bbb343bd5a59cf0c10ae5c9266970975e2b5775c89fc5e38","space","Concept"
"413eb0c3295a01be623491100803a9abe52c0f2274888dc2ad3897f5935c9cf6","quake","Concept"
"ffd21d47bdd764447b00d2c09a7b0c84daaa41b0ab895e7970b9817213164291","infrastructure","Concept"
"69d626c6d6f7b0f6af23ae0e641267ee81de37cf54f839d41bbb9580d9a14421","epiphany","Concept"
"de8638a60dc8d6c89c617ae6ae651af3624d3e334abd9a3511c5042b1a2db968","approach","Concept"
"4603f94604ae962a0663e806953d255217c1719fb3aedaa396f9efdae7c846e9","inflexibility","Concept"
"df05f0993702e3f457eb02f9c6dd6a1f43a29f6910efed93022eecd7d305a4c2","risk","Concept"
"bda5241e4d362a44dbc90078fb399c8dd4fa5fdddc38086eb0d594331b94ce7b","submission","Concept"
"514e4b1a40ae147051076d687de89c782e579570da0bd23a680bb5ae43519cd6","federal agent","Concept"
"3c3a565ee74770aee9605f34bd8e8ce7f3bdce6e2e611da75f4417d68a2bacdc","access","Concept"
"6fd4fd4a0e46c72ef16b854ac9a0904f080256a3639e238fd1347640281bfbb4","harshness","Concept"
"117445d535fba768094091aa34514304f539f5927c3e275e5bfbeaf0ea79111c","quality","Concept"
"fb3e62939705b2ef8f74e7b47c67f067abd496b09e1b25ed39c1fe386602c4f5","transportation","Concept"
"b35244c2ba2de8910ed10a603fe99eb3a4e0cfa154b257e82ad3227499d7d3b0","non-verbal cue","Concept"
"d6cb313c460591e2e0cf91eeda5fe7bfe8e7ba667b2d714192046b4a40cbae9d","losing control","Concept"
"7c4c46234a0794aeed7858a77e90b3648eff198437306f5b730de42606a45e7e","individual","Concept"
"81b3a6461c9234d6ae8f588f3958879601650a068f2acc10c6dbb831c9eef804","academic","Concept"
"fbf12f3908e4cc20411ff1cffbf9e29f2a42a247867d78f333c7f7695674e946","documentation","Concept"
"f18580572d895e5ea51c9d342ab3ac9a170eb92c0739bdbd72957784f16da1ab","exposure","Concept"
"beda04024a3a5e519e47df1507b2b428fc9a2f384da1146d772bb9a944deffc8","danger","Concept"
"a439f0604b3d6210947fff88eb88c6ff555c9f8d283f61ece5e12b0ea6f71973","ambiguity","Concept"
"280b67730f4981d8107205bb962fe4eb854b119c53d0fe34eac5b0c7c7ab7618","resolve","Concept"
"1ddace7d314974c3cf70409883bf4310334af4a734387fed12eb8785dff09624","relics","Concept"
"7a2b9c4fc4a5606f4b49d784677872bc4fa2764c21380f0d83e5a24e7d7937bd","military response","Concept"
"b1cdfbb22902daad6a61fcd51ed8dbbfb4d494bd16da2d4ebba614ffc6831754","position","Concept"
"8931a1484c83ef39d50ffc831c63fa1da6ea0410dce1b8941682541ef070f189","denial","Concept"
"a8bcfb81448e99a5fb316b723a63ede4ee301a34e71b1474836fc69b2b838d4c","room","Concept"
"ce0291ba3565e35a315835881a29d6f74abff30cbc21ff8eb189567839bd4287","contempt","Concept"
"1ea499f2b4546917dc9da4d12222504957ef68141dc345a0990f3644cc06a57d","illumination","Concept"
"ba89458f56b6ebc0beb9d586f0d5eec9151c5c7805f87272a0c1460b5aad2b4f","openness","Concept"
"9d077e579af11e3999e6318169e7abce4af56af75e59c069f4111a4a5d4185cb","belonging","Concept"
"06ed208d266a72d41e589dbd09a8fc4a4399ba50151928bc40a33956c0388c71","crowding","Concept"
"c06537c9c50f0e568d1b8c01dbd58794eca24b4c88936b2225c3c61d41ca1789","feature","Concept"
"d83fdd35f511c9b43809e302235a81efb836766a0204d4d25efa7ef44d5a3b14","assurance","Concept"
"3d2ed4041a1ad81a588fdafadf7ddfe5eb77249fee514eac65db83418fd5e384","warning","Concept"
"ecd4a5995bbbe3fe57891602886d206bcb08887367ca340f9f2843fdf5ef127a","monitoring","Concept"
"ad1dd8a3c269279a6456ac1a5c92693a3643a78300dcd894211a647912d9d88c","powerlessness","Concept"
"4db86b657e6ae05fa9057549a8b09bd8298bcd7f5af971b6630719da865dffac","reassurance","Concept"
"6493f8d39192082fa9d3f96dbf5e0d79612c09d7f20261109baf9e34eec08c0d","location","Concept"
"1e6261563804b6013818c8981c024554e7f58bd24923781eecfcea30c5b61698","countermeasure","Concept"
"90af635d95647dad4c78826de88c9d1bba09120bffed1519d6b10efcccd8ebdd","electronics","Concept"
"ba5f5d96e33f44dc79935b2f3c54887df9ff7aeaa814c5290e609a4f0af62c3a","detection","Concept"
"53e3fb9b39f99e9d55c4d5d63ca2f7c42c5dcec47b1c8108d0950158e3a10500","singer","Concept"
"4710d474d2e88026be035b09307738dd3eb40ea8b2879eaa04f43460d029d37f","neglect","Concept"
"a663f7f09af96810fdb189eb5fe63c57159ce6c26d578ec294a7ec96b19579e0","thinking","Concept"
"9179e784e8b0771f25d3b5215a36d77ffb506f4867002ce15a21c89a12835c9b","exchange","Concept"
"f255ea964b07246f9b4b48f8f730e0145a8eb4d77d264a80d51ee4214551ec10","order","Concept"
"7e8c52da267799d4fba33e18b1de67456dec35fca1b08428ab9663ea9796b5af","hardware","Concept"
"70c35a12e1ee02861220390a65d4ea189af94d0c9f260373bab5bb87f8b8963d","team","Concept"
"c5d9bff2f40dc42c1fd484d7e3a41ebdffbf114e881fb84596d67694804ef256","struggle","Concept"
"d9c9673726e681af84c1d75347de1a8e03db11f806ee7019dbc2b88867de6020","internal conflict","Concept"
"d5e376f4f5d6e649eeaf5f1cf90353dc320c308799861e88d33aafdc9b161013","entrapment","Concept"
"296a3c8cf6b9572787de8d98aba220e313e1de8bcc4dd7fbe236c998bea2702c","stopping","Concept"
"23097c53d224d9b87f095a37baa77e5301114898cd6aba1d87d44cb133de91ba","noise","Concept"
"8e316522caeb45f193520661fa1c48c35da309f46a589367aac85ea874bf3180","separation","Concept"
"b29ad4158808e1884df7a7939659f9cff790595424f51dac5797d7c1f0382b1a","restraint","Concept"
"4624ddbb524d338c94a39a361aa607161d58239383a8034d0e4099b89dfd8f3f","instruction","Concept"
"2fdbefefcb1518f4485367ba6b9f9dbf72c65acea2df42fe750f50121b6f0839","expert","Concept"
"7669af586c3b459626dfe1f0d2242ac7ec09235fe5cbad798c7092d70d6b079e","solitude","Concept"
"d1d4b75fa4e8f7c7213057735fd3cbfb2184ff681c6a9a08cfa626c8142b5ec0","examination","Concept"
"9f46f72363e008d8c6d97a7be0eef33a4d459a4bf97d37c2d3cda41c99c0b002","concern","Concept"
"c3ecd10e8ec0c9cb7bdde596b091252347f4baab8b89b6749e2d95966f8de034","boredom","Concept"
"b7afd93239bd79a540cfc0c1ef597fc8bb2e63397c3216f8870fe2d3c355e61f","perception","Concept"
"8cd02de9c83c78c596d7f9c56bbe7d06eb2aff6f55ea8137aff4615744804360","activity","Concept"
"7301badb93d9b543fcf3d03edc74488206bcf0b75415df8e94f373a2e9c6b84b","technology","Concept"
"4fe34f3aabcdf34a498b067215736ca86a9e230ab34b2ced2f2ead908ceb9699","connection","Concept"
"86135519ffaa69ef99caa295ac3103f4cef7e54c2f7023931b528d03560b2f90","thanking","Concept"
"4ea35e541a12ffe493f1cd2c957eb4d2f2fd5a1413cf6c1c2ecab8609ea29bec","surface","Concept"
"3e28517636a91bcde99ff30bc08914868e2543ce9c471d11c84193001b3e37a2","tension","Concept"
"84da57f6d81c730260ab3782f12d5c2e0a6e50ee94cd1d9ed81d0e1c0d1d0399","reasoning","Concept"
"444ccf30034e058e5c9dc42bd34ca09b5e85b50200a140e98d9aedfed8f9c163","specialist","Concept"
"329fe1a94bbc3913b430b7ba42a5336c741203cbe2e15b3e20b1984919b532a9","log","Concept"
"a4e4dfcf4a29d7d11455507cc02be95ad2a29bbca8b697697e8fa91642b63ac5","dominance","Concept"
"9e4f57b3f179034b7568a57093f8d522c224fb4a269128e279045a083f900e9e","immobility","Concept"
"eb151755fba658d2c0bc99bd88844f4819a4b108543d4fd0735aca008b65832e","criticism","Concept"
"f7cad1537f102c5f608646d74c96d9722c34871efc301cd63dad8dfbd11b5487","preparation","Concept"
"4da2d60cc5e74ac4dbd8820efe8b0cf23efcdfaf50903ff66c46cf3b87a7aae9","self-awareness","Concept"
"0a9446200bc70dfb7108d39a7b26f1a6d8738e67c01e443d6d5739aead026584","mismatch","Concept"
"da2edb693a14f00765a8314b14f8b24f1baf9d9d6b1a1520cb3ecdf0bcb360bb","doctor","Concept"
"aac8de1569171e163039f2efd1a6f324113afe7eac123efd4b07eca4dd8807e7","tone","Concept"
"0f89b7be0afc1b3d5f6cea8688172c9794b85faeaaaf9a30d243cb45975791e9","attention-seeking","Concept"
"2183374276d641702d30285c6fb547422d5adeee828bf81b50ddef3c29614c5d","understanding","Concept"
"4cba40f777f2af2d9e93b1a4d59f802712a0709b4572b5e97b12e3a09c747f9a","role","Concept"
"fe8dbc518886f43d0e7af73559c51d9bc7ffb7de334a8e3a1c7e95f639f08272","attribute","Concept"
"530a7c484d415d389b647acc3050145eca4dd0808b9204238f3ce43c975d4f43","transformation","Concept"
"676436eca3db62e6e3449712f629c0ca810d18adc2a8ad09e1498a89954971f0","place","Concept"
"76a345f8470c2f015fa1a30a5976a1871c0e5732c652a3183589eec6b905e063","confirmation","Concept"
"112e8425873d879fa54dd523f9dee13f8551567209cf8e8c5e306e802aefceb1","exhaling","Concept"
"9f61dc262b705876b4bc2c63b32040032dac36130dfe9bcec0c6caee289b57fb","checking","Concept"
"e395c2c9d5fe9b1ecf7b01ecbc56d0f951251b929285feb4dd9c98df73cee842","doors","Concept"
"284350012c6a839fe85474703ecf59cb9f83f802afcf6c446e2446d710e1b746","legacy","Concept"
"9b4278d07d939f69d0dbbd6aaaca7402de7dcfa3c057f2a3741e8b8050ceb669","encroachment","Concept"
"86b538fb342c141d2381b789d35842de1bb5a5d4fbc1c8e0c4b5266fee5858f6","discussion","Concept"
"acd2a4a2ebb2622c9338a70f7d477b3f8b1a35b2aa9b67eea8a54a334b25355a","duty","Concept"
"cfcca1e20256eca8090d88a8e3964141d588713b804719e4cba283187eb85a04","survivor","Concept"
"9e7fd4069bef9f3c942cc16cef0f9025ab57c2fa11d71bbe4d29355e90f1ab0f","protagonist","Concept"
"bd2da69127b312d612e5cfddad06540b6d836818b82b65d2e8a45cbf23e172bc","sealing","Concept"
"895089b308ed72472b259f038a57eb460db301730b9da4eec789b394944b8a2b","name","Concept"
"9a1f7e0b3be247269ea615e693ddc26bc805969df819d08670c2a50b5604f081","discipline","Concept"
"0e162f7038816bfa33602a15b250f47eccf3a69e16531b6a2fa87ed910d794c6","agent","Concept"
"a8e5580471907faadcaa0ae342f713f9198f2d15bbc5179bf3b2c2cd3d4e75c5","researcher","Concept"
"8aa380745544a54d5d2bde773848006aa5875e9553479e797ecc3643c1daea48","interpretation","Concept"
"8d1051d5066255687f10a08de5dfc89e0540e5291295db13707e92512a6574ce","agreeing","Concept"
"972203da5b0f4ada15b5c75978a698aaf619d7820a8f06e30d5f9b5eb2173a36","absorption","Concept"
"68df77f5b2fb86fc5d4a1ffb071a031781d4b84c490fffe7075066d287ac6dd2","judgment","Concept"
"36720b8a0286c87b45ec5e9b15a636ffb2dbcd4119c308270d00ab5e6aeec8f6","visibility","Concept"
"2bc748d552e2a657e0c7157437e5f4325b6596e816aa33b862b18e04bc137484","unexpected event","Concept"
"cf1ac02fc1dbc5b8cb2b25553aa43e6d76e05a6087a955a313e12416024f9969","container","Concept"
"36ab9cf1a664dceaf11948ff5989281c3476d986af6f459594e7199679f1f5dd","worker","Concept"
"ed75f62b0dbf76c123b0d0cdc15a649abe1a6022377a4ed17918bfcb199cb1ef","comprehension","Concept"
"dc0666bb6f74d87b6263fadbf1b65fb05aa07548e42ab4b75d2b86209276b0f4","comparison","Concept"
"f315bad391c1044ed013cfe1875124d608f05c73e4d2b543d7c53c0e26b1a154","explanation","Concept"
"a66914c16911e6d992f1f1360deb4ce3f1e41538a92266db38643baa409aa3a8","delegation","Concept"
"b69e400ffccc63cdb591adc168bb4cc023d97af0fdef61344f80d852578cd156","joking","Concept"
"2e24357ad7aebd01b76c2193dd08b2cf8cd068fb2634ec09364270e615151c0a","irritation","Concept"
"15e854ba4b1b17102e0ce95b83554fba6e9a92e8aac9ea84012bba56f9b2be0f","approaching","Concept"
"e7bae538ebbe2b9e084f96644915aae6dfdf2321540ee976bde5b4ce6335fd5f","acquiescence","Concept"
"cc99ddc297c650961012331094e3dce5f48ebc546eb57a06cc3f06fec4d34e2d","walking","Concept"
"a55108a840d1095eba2e0d7833f5dbeb60585ca12faa7cc39b0bcbe9e875dc89","change","Concept"
"e6df7c39d584fc2605e7b844b158ff2779427e5739800daaabeeece4c27aa0c1","server room","Concept"
"f0f5a8b8f08abe8baf8d1194982db6ef97df885e402347bb354c3d3657e2e7c7","competition","Concept"
"517dc003dc5e2d5c90e24ef4b4c4c598724f741525d2298a398988d7fe81c6e8","admonition","Concept"
"b96cb1c1003e41e5d515745df5e20bb40023f31af694d8c0138f22cc27868b40","document","Concept"
"7240bf873f6792c25756824981c167b91639e536ca018e9b82f0c3e24dec9c52","commonality","Concept"
"1bfc09725adb8329faa907c7af26e7ee2f7e2c1133e07965605ce63943aa7dee","annoyance","Concept"
"669e15ce053448f8634180828f1c854dd13454c2138a63d7cfb63bfae51dcb65","group joy","Concept"
"ed5cc90d453a0f4ce541655af3123bcbd7a0564a78fac0dab1e48676b00661b9","opinion","Concept"
"f6c52159c6869a76beeb867331377d25b0c6c72deba5538a777397dbdb71a0db","body language","Concept"
"b212906eea675cf689ab46c8f3742f584b6264558d7e2e8a17741645944ae405","showing displeasure","Concept"
"623c11b1f9e8a647b7646c850ca3231076ee7eacd60314dd34fc76c07c26d830","vibration","Concept"
"4f77c0ded16bc6db43bedf0f11e59c2dcd5cedfc3d8b29b85c5a1fe618a01934","threat","Concept"
"b4eca843d9558cba6bf04c277250c171d42915ca7a22cb96080935d92775219b","adventure","Concept"
"bae753a176c2857d369ffbcbf11fc2ffb3bb785ec0bdf556329aaae860cb259a","project","Concept"
"834e3e338462ad3bb94eb36885992030b23d4acfcc1ded8a4246683c08644060","masking","Concept"
"27f81b3a6aec28c5171a7186f6069151ec913e1ece3a7726e8da0281234edee0","expectation","Concept"
"e4ff3b4bfc4489a2d6123772174de6e5aa2503bf9d7396fc677b597d87fd353b","continuation","Concept"
"19cfca50b0ee077e1a90e7f39f869a2658f515450ff03e7763b3ed78bc3e1203","perseverance","Concept"
"f5ef7ec99af65381a8689dc65191b3cdf2ea7463a4f6b658486fca6bec3da1cf","immobilization","Concept"
"389c4cd806d3b571080373be44db04074f52c7cc003900b9cdb0c7853eedb240","analyzing","Concept"
"8659a23f920604fb2a0a388c457d0bf782de196cb9b75bb924c41458eb017e29","romance","Concept"
"1ba69d0e32b69cad8221861c7d233dd0818be0a5d8c1bf3946a2ca22328ff520","dispersion","Concept"
"3f321c4b89a3ff4202da617a20c8bb3754edf43a37d4f69d00fefa72b0c55582","focus shift","Concept"
"114690d891ea33d62270f45e1285d26a16e992f742dcf92ec9d7999b5df54171","entrance","Concept"
"990042678ea861f1b9ad8c9968dc69043658d8cdfc582e35b70be88fd65a8e8d","stationery","Concept"
"d5b75ec3ed3c2cf97e59e9d77dc11562fbd1320ad72119c6770ec33ec433888b","furniture","Concept"
"7535e66cbdf05216e2e26d004f4ddf7f62f07ab709866d2212bcb648b5b42361","pursuit","Concept"
"b8e8d53a526e6a6dfc8774c9517ac895cc9a96436446824919d6788dcc201e07","truce","Concept"
"7ce08964d88f37cea7f5604099566ffcb7365a9aed5f3ffddc29e24f789056bf","collaboration","Concept"
"2d91fa25312eed7b720bd4e49fa76a9bd7d7e2a5c7ceac381452e746091d8434","readiness","Concept"
"05993b70fb3cfe8764221b15f8aaa151022da09204d138ef3928275c2bc795f8","update","Concept"
"351f4c4ee5c6fd4e71f6402905945278391390af807691f390bd3ce1a33c31e1","value","Concept"
"bf3b3f94b1313b9aee6bc7649010a2ac9185e84fcc47377483d5dcede5b7f928","conformity","Concept"
"04b8939127c499544dc6ee0b134e6b26deca8f6e941094939cfcb01e47ae0c1d","american","Concept"
"66218a5045b1d57568fd6b4c63533f8ff3c33e5172b1eedd59942caa49fc3119","importance","Concept"
"2f677bf143d6105493321c8fb3b7eef55565dfb44540526f21ab2a3389d2c7b9","descent","Concept"
"dc9e7a5b111a0ab4a322944c6b9085c9c669a7c2c3dbb55124a7f9c7befaeb02","group emotion","Concept"
"b0a742b32435c0afcdc4f834a9b0a554107926e9b49615b2ac5f2dc3a375c1dc","avoidance","Concept"
"5e26084b84a335ba55fc72dc2551effaa8c212069ea4fa45e79bde8daa3e343c","review","Concept"
"7662b427409343b17a125e8b96d4919524a472f51ec3ce3e713ac7128ced7884","speech","Concept"
"ef8e1e877269d1c9e3357c1e5787c50777eeadafe0d4c23fad8ff889ffd31d8c","intrigue","Concept"
"7ecf2be189ce74a129a242c39ca2aef98ccadd93849ec174ff3d3170b8792a37","mirth","Concept"
"19f178f63c88fe50339a18d71b4b42f8b357791a1b24f30daceac1fbc66e42e2","supply","Concept"
"5ebe0c765e5c0e100f7d5b3bdec518b68fbb83aca83d430bc6eeacec3a8b9f25","intellectual gamble","Concept"
"0410a4103477d3449cc49ed069a8e58fd2d06287378117a4ecc3fa8a92c08d54","silent support","Concept"
"dde513b19b2d171a93988e74c72702d4b1c655d1b4834e43bf8797fc379a5d58","availability","Concept"
"460b82f6fd14036592410db486d311e4275fae23d9ab4215c75c083d434badfe","feedback","Concept"
"c96ce5b001203d336a3c9089d5c4be0ac7e2fa047a703b51b0976fbbb2c814e3","protocol","Concept"
"196ce80bc2c047776667d3584567b5a1b69086217e87885425fd66da92f168c5","site","Concept"
"b498750dd6eaa09b1927dca14e074656515d1eacfadc91898086cc84aaaa78a6","conspiracy","Concept"
"63f6c418f7eb1911f6b04a551359d2a212bfca9a270cc5bb23c1f774d5ead9bc","targeting","Concept"
"8cea62ed19cee2be5c55e4e885b1a0a620bb211c54058e97617bbfbb8cd8424e","condition","Concept"
"5c83bc8d03c7390d28c6443bea35673ebae85d4ab022aa88a5fcf9a742b1c0fb","professionals","Concept"
"2769d9a399f53d6bc59e16d81fb4939a7e614505aa714c43f21432a158c26621","survival","Concept"
"2bad505c3fbb8cbb85ecc6cfcea50bdbd39ca620921925211cfd98ec2ae8ee21","sound","Concept"
"b2f5119363cacc130b23987c428d167d148bf1a7cbbf2c1e15dcde1392bd6005","performer","Concept"
"9574ea8efae40860bb80e3d6a7dd8202d3adf616fef8a27a1ad47b4eae6244c9","responding","Concept"
"c2d3c1a8d9ebe9c154d89b301bad44a74d2ca13833112273fabf2b90fa41cf7a","forbidden","Concept"
"0caa302fdb27d6364a5cd3530faa05cf3bcf2d90587a80a7c8795c2f1237541a","admiration","Concept"
"eff04a695f17b7ce8853046c13f95ed4d624f7c7bee029ebb05205a3489f6398","decision-making","Concept"
"7c6c18353a47fa03281c801d17343b0786d526236e21149c44f4c42d1fa5eea4","reverence","Concept"
"3715652a7b908c9215cbec50fa5fe6fa8129408818f53195f266e2c485357874","heaviness","Concept"
"a54e9af3702589e2ac12b63109be4a510c274a2c5f95e639a650926d70344364","response","Concept"
"0c5816be4714fe7547ec63618cd291871335a5555e2d5d4411717a6b84904fdb","species survival","Concept"
"3831d28ef4ae19be44a752105d470c6e23693dceee3bbbeba9768bec585876da","waiting","Concept"
"05f3338a7f1f7465a60108e64bdd5ce9871d9db432a49746410aea3c28b5f120","stress","Concept"
"4492a602321a06fc4a82d9870842e49f3353c37e745b3efab6399a78776e2630","absence","Concept"
"a1061fd447ab53559b8677def169fc2b4d4b688da2385beab7c8f7f14eb68394","resistance","Concept"
"086d0b9e3576a8bdbf2b93e833afbdcb82496cfbe6821aa6d582a5840e68be2f","calmness","Concept"
"b96829898e6ca821d0484d7f5d0b1d6bec72d33b5efe15d7c5370c21ba57db32","invention","Concept"
"be23cd3ec3767aef9b72d9cde963fc4a615d84d93aba9ea45948edb09126c297","content","Concept"
"4f66e9989a536412978c1ac7f402b22bc87c717969aa896f23713be93024762a","action","Concept"
"da49c472bc2049a656170407fba710d5cfc7aaaa2d85c5f8aa0b702d4498db88","meditation","Concept"
"a1d8577c62823e4eeff1e32c8e1728eec5cfbe81526fd78e053eb9f2cb4f74e9","component","Concept"
"8d2eeaa1d6b5daeedbfc9e97989cc83ef5a5d95dc2bf6ce444bc4d241a75215f","consultation","Concept"
"a71f498abff57c92371d6fc2324e7da469beb726ef3addedc2c32c39f6fce794","questioning","Concept"
"f2fc9b44617c427cbdebc5bcd917a3b5c4b92e5fa29c489220ca6d0739e29249","evaluation","Concept"
"440454e47ee3f02e901d048b267a998d0966ccee69d750986ae46f93e7905b2a","objection","Concept"
"7d5bf953252bf59042c48040cec89ae84f5efccf2d4e24ddf0cf213230bade29","firmness","Concept"
"7d9f4d478dfbef70916730c3451cc07a0b9f8ce068e639c0fab73bd07204e6b1","philosophy","Concept"
"5ee1b9f6052c5b0499de85dad81f2903a58e13bdf2ce97f2f0934b80277bfc86","indecision","Concept"
"ee09981f75495e3c9b246c32a21e72dc68b5388bad7bac96d27e9a199fa61b0b","humanity","Concept"
"4cbd6b1c916e9046b344340d6e39cb0118a76d8e034b2811e4cc960494cfa57a","closing","Concept"
"0899c2833b14d232503a9b3e2e58fca34a5e3bae77cbbb420a99cd2e23163d0f","interaction","Concept"
"7ecc9f4775d134725c7164c919cdef524ab6ed3d65a1e08a40dceb7c14b9ff56","search","Concept"
"ccba21ee7e2c0045f99c30b919a754c5f17a5ca6c2ad9b4d630672866d6cd270","digital engagement","Concept"
"f26fd72b938f7371da60d6d775b0ce941f59a5e7979375d32dcba20904327829","confrontation","Concept"
"3b319f8fe5a4b55cbb619d445c76d71fce3c09eb1a15d2f5a945d024d756a4d3","identity","Concept"
"e158d889e06c25b6cf8f72c88c6fecf2638819e43a1f6388426452ade4578f9e","silent communication","Concept"
"99330c5882ad6c06959cee7ff18cc2f026677a4cd60609a90f4a0902691e50e7","workplace","Concept"
"cfa0a92a8f6ee01482e1701c0f04e5106764bf12ae74ae158fd3be815d1d3aae","liveliness","Concept"
"24e9ac2c66ac3cd7a278496d75e61fa476973e9f61d2a155723fbace412e9c1c","memory","Concept"
"ab0f41f85e2e4662fbe1069a009d4bc3fe7ac37f7ef48a0f4b7d2015e48ef9f8","turning back","Concept"
"6bd76e5d9897641110d4f4f417e3772c263422b2efe3e242cdb986ee53af50c0","essence","Concept"
"a7e1497c516c874caf95e800eef2fa391d449ec7dd6b5ab2354cf18d73c0f44d","candidate","Concept"
"39a190e2b4414dda90735c314f193c10a8292b9e3c434b75188a847be42dc95d","stating","Concept"
"75cfc9ba1a2f4c7b416054bbbb9278ccbf526292e88b3f28e288941731dd6c00","opening","Concept"
"c44ba52366b5db60841e40ba8ccb81e34a7e050fd2ffe421208855ec21acd3c5","unknown","Concept"
"2b5d617c052952c9e781138162d7d60dfa05b92d5665ee1cb97a5cd2a7262993","suspicion","Concept"
"6730f8205676f35c5758d016b74c66a9b88e4240ebd12be3e2605714c510395f","information analysis","Concept"
"16adfd8b7d0962f2f6a42e6c2bf1aa889edce7be56c538ed28f17db061657364","journey","Concept"
"c42790233f1d0ad8477ed4ce0ef0591f429185491916a2cc0ddf2ff32d9c3313","issue","Concept"
"883a98857de6fe4edcff814edeaf3d239ee1a92c5401916544edf500d61c5473","idea","Concept"
"e9f2a00c5e42201f518883a443083a5c08eaf62a5d60115b9006e05bf667f988","law enforcement","Concept"
"e12913a6dd6692d975fbef7a7146b28e6df35e98f0ecaf4b77196b3ebe39cf3f","testing","Concept"
"16f29529a1602a92f6f178b75d38ae7111247821e550d642f60a652c7b0ac2c2","accessory","Concept"
"3f42a809b1356d0980812314029d0b7a0a3aac13c023c52e235d17c1e14210e4","history","Concept"
"ededd0db8ed4c59dccad0994a8bffbd116cae91cb6cb0b1a85b7a2b88968c0bb","words","Concept"
"7f870acb9984685aeeecf10abb8ad7fd8f58cd72e316293ffce7eea91f213f94","part","Concept"
"69f8174664be1f9577c0238b2932f128fbf6e0909bc945c5b8dc8ad8bfb85e2b","negotiation","Concept"
"00ac04aa45ebca8ac0ca3d346b16c79bec24a76966a03d5d4798ea37a96de387","protection","Concept"
"4a99ce974a52ece9bbfa452922bcf61ea1cb1c469db5465c993e7226d5bad818","codebreaking","Concept"
"0d0e23b35d9b8139a5f3e180fefdf987c4eb41e4a80303c128d980d29be3e3b9","supervision","Concept"
"37bc72b91681d1b30a0dcfe2794bc5e6ab39d879680c674d3ad3fd8ff4783509","affirmation","Concept"
"066d3b2a2e10101e0caf6e03c6fda98f21f68fb0787b0c59cc2d33fddb4d02f7","hesitation","Concept"
"368ea9dd3407c13350e8f358efe43c508dff1e0d365f307b6f9ea99033ad198b","reconciliation","Concept"
"cd7cc5b838700ed4fe8998bb4a3c65a3001ad7e11540164f7408e94cab4aaa71","acknowledgement","Concept"
"8f21de71020a5a2de77e00acdf5bfaeac75b217514ccfd7eacecf258e347d74b","insight","Concept"
"0d1a15ffdf62b75b0e2f9924bdbb70c133af0d07aaad23f5e4059c3bda2864d0","celebrity","Concept"
"97c576ae1a5c09359a9dc899a264fa5d0b6c3b0a33d478988f3dcddf452aaa25","advancement","Concept"
"cc324bf5d69ff2286c0a48a30daa07fcfc8e397a33fa663e416fdb11cc56fe16","suggestion","Concept"
"6763b1e6f7d3f0c97cce66377d3dd2ec1d15af08324db37ac218a9b259d4aa58","interference","Concept"
"7e772fb4cc2293e794250fd95ecdb8dbadd88eb01387e73e14f08bbac678a81b","planning","Concept"
"2b07176f73591db1c2ab89cce4da3e06ed40e85a4f1504a541a55712b5e29832","life form","Concept"
"13b8969c479661d25b0b223b24de224d198ce2b2948c2906b57960b385a3aa91","employee","Concept"
"fe33386b2cbc1aa9216aed3ae995b2e7ccccb85751c7f88b606e3cd3cc073649","advice","Concept"
"a7a50477ed62cc8f55673e547d92870a2faf5097aead749460bf70c3378b911c","crowd","Concept"
"3aef5e8cb218cd8149d031dd5f0e72352d880c0c620f95bc390600f8d3ee9932","authority","Concept"
"af15fd27a1f42efc4a332084a70a0d8bc27efb6f4a3c9e69a5d546d44c242237","maintenance","Concept"
"abef1cff1513ecf784586857a7db604ed6b2c0a7ff94128db3f67fef4c30627a","self-denial","Concept"
"647fe2af0b5b3a4b82299377c0ee87f92859fa4a8fc3d554f27abf19950aa52a","instrument","Concept"
"935c5a9629ed8097b1ddc6acdeb9cd227003e77f32262ef399245f1e8915d6eb","species","Concept"
"c273c2f75303797cc6c0dc3d4a696ce56d5ab324525cbda97f2aadef5bd00b36","belief","Concept"
"48a47b5fc20c236003e1335d8326cfba174570f1ed39dfb707e5df8be809fc87","alteration","Concept"
"e6fba7bd7cd9fe44e2a084e567044221e75b459ee2b413a7dd5c656923cf5059","principle","Concept"
"eda2ca675a1127f924e6778d5c4cc431a0e9af776aa061eb0801b8d4cda973ca","allure","Concept"
"e450a8181a9ce750202836779748a30a4c2bbbba507f733e0f77df06cc91b0b7","consent","Concept"
"de7caeebd9e5cef572bcde4a7dc7fb589307c9321d29f0df093732ac47b52685","human","Concept"
"aad3b6af911a14f6e9c913d666ef41b4e481eac54d9a000915da30f30c2d2774","participant","Concept"
"2b0df5f0e28bc391be36dc2fc8adcaa79cb3be98a218399d82f2e71d7a8b885a","visionary","Concept"
"f64bd24d1a6172d946f65695c9e97fbe8896b7d24e4b8d4695e10b4787ea3b2b","mystery","Concept"
"ed1e182a37e0cb97be41514a8509ac8d7fdb3a3b62006c33315c62b84194c3e6","suspension","Concept"
"424805ed72cfcabac7611ed2f83716ea8cda3fd1fea74f3333acf793a4adbf21","intention","Concept"
"21a7ba20a9a5faa03e606438bdfb80edf9c700dcac19b7ee78b00857e64ec4d5","structures","Concept"
"b17d7f0d86c7a912f97d7946a878438fd1f721aa361dde59ae89fc44231334a3","commendation","Concept"
"15b3165703cd04718701531bfd91d398360f2f3d6692dc802852bf5f17d15cb1","validation","Concept"
"4417915570849e9567329b81e8b0b39c259ffab3d848a94bd5a38d66a93393d8","aptitude","Concept"
"a9576fb6a340788dceb4373286b5a013721c2d324f0a46ab6fef7802257a2e29","screen time","Concept"
"4e2c820f3b0100efc6545d4320794bee6f6a743c669974858de4c61547b00d90","partnership","Concept"
"e30d8c1be96e0787909556ab6c0dddf2992e939edefa3ffce1c7e114c591742f","voice","Concept"
"68443b7957e2babd69ca53157eafa951ae4eb688dc413963f9318d5ab3276290","technician","Concept"
"f52d2acfe90ff03867bd85e6d4d2e994571cd8de7420fdf69343150267f500dc","woman","Concept"
"7581b8152e4e830301cce468fd572a3479169082d7e572ff316e673144137462","insignificance","Concept"
"f180fdf38b74bc681901bfea37aaae55ee4b941670dd77a425be69ae6b680464","abstraction","Concept"
"9f6b3ca6ceb30ce9dcf405acd3d07492f67f14f349d7a49690969ccec8387738","visitation","Concept"
"b79e3e1e87ecf1a9c181d35d8fbc41207de4f7bcf09f96c0492b5249a6a281c4","coordination","Concept"
"a5b0c168b276eb1cac42526dedcb8e404ae6f7bda0c6cfe34fc90cd348003f1c","rigidity","Concept"
"bc01ca7e7e144a9a34f0605477c418e3080c8b7429ef654bce9502850fc23469","solidarity","Concept"
"caa0d10d85b7301c547e166a6ed115b9f5dac877ddd91b922569d122ff321c17","learning","Concept"
"626fb4178fba44effc5207cb54ae879e923de32046b8bbc7e39ab47f751a325f","data","Concept"
"aa918c6c2abfa40133b29a70001cd14ed7c0a038369b2d5eaef32cfda302b750","male","Concept"
"0f640b21126ee85db7780e82c04e912931047d0e4ef912724fec495a82c3f09f","dialogue","Concept"
"8449de283686b1cb879a40ee5911a2aa439325e6a5b4aea15827c1bfe04a6d77","flattery","Concept"
"47d4d9436369803aba2c821ca624b8dfe3e9d5f245d37cbf1b8346b5b59ee023","encouragement","Concept"
"adecb96e38b5e6c30c6ef250c64474affd2fb36af817e593431b8b5113f57bb3","advantage","Concept"
"cf22ccc05ce0a27304ea9fcd7b04150d144ad8326935c33a5ef9614b5af708c9","destiny","Concept"
"9f3ad605cbeba2ef663c53008a26ad9ecdb74db3c207508d4dd43e3b532c3956","concentration","Concept"
"73680bda6cba890bc76f53a6da5633cd5facc4542c208d03d819c4cdfd0305a8","summoning","Concept"
"2e202cce2260596984d49047d2719411d918a3baa97d446e8561b80c6640208f","disappearance","Concept"
"b3375cb86bc79a32129f6f511c13ee6f298cbc53d1480688e17b9cc0eaec2518","shade","Concept"
"1c395645342479efd717315a635c03fc980417d30fcec3385ea3d05e82780d94","revelation","Concept"
"54e686c69e50021d4e9ac71eeeaa638a21c5d0fcc44627e8110cd44a6f58838f","instructing","Concept"
"c74d3fef27579fe250a8204954dbe252c8ec731016a034980de75d83955d9c47","relationship","Concept"
"b8c83be145a5a4e4c981bb1f1faf3393fda3f44b7f4fbf9376eaf3a03fba38d3","manner","Concept"
"84a1babbea34b160aa021e16c2eb74c255e5473a310db893519611ce07d025f1","military","Concept"
"bb333df371436a7158c47eefc8fdaf17e91f2317519552ba7bc0a83f4eb207e9","reminding","Concept"
"02d017e8583dfd8ad2aa9011f837660fd3e8daecc721c1690bed87438c091a36","moral dilemma","Concept"
"e3f78084da9b4d51d3020adc0fee927a521c4539b27e6715c9bd889356d428cc","purpose","Concept"
"e1cf82c5bada6ee9046a116dd1f21fd30aec83f14f34a693dd6ca7eae62e0256","area","Concept"
"c81b38ec139ef801ed71d7ae899bf947de8fbf40d439afc43a45b67ff88c1444","limit","Concept"
"cf46271e028e4ab201cde71694fece2f7cdff1ff04be20ba95f5bad6187cf728","community","Concept"
"4f9605639abf071a3ed8eee860384579525fea834943222675ca6a888b921aad","device","Concept"
"8f8c2e1e74a0806e05be24106de5da0ac09b0192bc05cb43b467aa7798367026","mathematics","Concept"
"ae74d5377b8c96af5155a88f505f7866e96dc9e4e01482343023141acba0228b","empathy","Concept"
"8bf43e1b5a7cf10dd1d0ef692500602f6b622254feab7799fcc06885d56f865a","esteem","Concept"
"ed1525e4643634690facec469661927dfa2369d5957716107406cef72c676da0","task","Concept"
"d9dc29857837976dd4e90e0406a2cab689391bbe5dde890f21c40e70e30121b1","professionalism","Concept"
"7fb95e230af195f019bcf3e1f0f8c822442257ba7f592c9a196008e7abb4a45a","harm","Concept"
"39ea8aec606d13105329cfe1b8bbe0f0a7520160c7c63cbd371fce3276599b67","figure","Concept"
"cef1de1836968100e17fe1cf9acfe25aee9f7cd3aca55a9d7b72f1e66bcfcba9","subtlety","Concept"
"cd3004f22b4315db09b6f15013c37c880b75cfd570bb228edbb3b6139385708c","equipment","Concept"
"77ee4caeb2206f289c658d869411378c97412af39f92b19129d40522391554c3","knowledge acquisition","Concept"
"727564e5d62f2943bb27216a8182d27b570b170d48133fb96951f33c1081a245","urgency","Concept"
"4324e615d74145e71d1e65a30448189e67e6f08fce9186db55ded7c2a459c122","speed","Concept"
"6dbf043ceb5908eb3f5ce5f8a552a8715c3b822289011647443133deab2baf13","commanding","Concept"
"beb0ce7e996ae0dc0cb768f9b78ced18b087888aea10ec90ee605125ed8e3107","masking emotion","Concept"
"eb918062279f7c959c167abbb5dfce09522493f84ef5b6c41cee3b57c3de936b","lightheartedness","Concept"
"53501d97a53a2d50026c99518658f759e6dac6b144fe6a3a57a98f69a6c58b56","tremor","Concept"
"9c89d05362caec670a2389639ba6f1e266714b652b4120e40c079880b0edd870","fate","Concept"
"08e948125e2418bb8a4a782a4b3b7359e84a49b100ebbacddb722c8b131c880d","procedure","Concept"
"dbd581fdbb85696c1b3307d1e2446255f6dd13867087aee8a8b5d7ce37cb828d","investigation","Concept"
"926c17a61abc96142d1bfc6db153803cf70ee0b6337d16454aaac2a7059517a7","installation","Concept"
"3bc2242afa3b891258bd8212fb5726e9638585381eaa2e1713889b1d75b36da2","detachment","Concept"
"6176cafcd2e17cc9f2bb3283cc34a3d9b4c74842e7ae23c4b2d879845161d10b","disapproval","Concept"
"4f5a4506e7dd2dab2f9e7a78ebf9596c3487bf1021d8a002a3b443d5e3b7d65e","awkwardness","Concept"
"2dccc492caaeaf3cdd024c005864723cf8bcb2b5b03fb7b762437e248b227715","being","Concept"
"33b09583db022cd2f8765441fecd0830334b8b6215f79adbe69dd260215966f7","occupation","Concept"
"d901abf05cc896bd332fdd23549d3f7a5c78be023d8651ced60733d06194ba4b","node","Concept"
"0ee5192cb2644cb6c4ce0a98ed1b96ecc0090ef4b6ff6f2082f010a7c57adc1e","focus","Concept"
"6b18fe62f39f5b392c3a852d9ecfe2ce01791dcf5d6d0dec3511bd279395fdda","moving forward","Concept"
"bedae7a3522863f222a457323ec81b78e228c42948ab9209429c3c687c960ce3","appreciation","Concept"
"20a042dc458e41d602d9301757c3530631595dabd4d32f50b5b0c6be4b494f42","joy","Concept"
"b297f8f5cd4e8900cd58654b3c54aa7325baf65b46c7e9cf8fee75bce3b3af58","inner change","Concept"
"21a863190e51e4bc69fc2076d7bbf22e3174a933fbbcba56e7f70a9d4f133594","realism","Concept"
"aa7f75b5a9940fab30fd3445f9b3cd5ef46fc58511fe87734bee57b2324d894c","cooperation","Concept"
"f054adba1459d6ac525e588adaeb8c13a9e0deeb7760c7d5d575e5a8d0c3968a","focusing","Concept"
"2065739d7ec99505810f309682781e04ec610840fd7ef77824d257f79e40ff38","request","Concept"
"dc9fcb7f66bc11bdd7fd225c54c86839fcf1255c8a5b2876d29f563f6e0fd65d","stretching","Concept"
"86b93ef44c0b4180c74021944b9d31d813b91909bf4fe69189965e80c6386bf8","convergence","Concept"
"1000da80ad55a5371153d6143d5e5214982941bf1dc4d5fb506c2b2ddd3d7465","clarity","Concept"
"6dbd35a494bf0b29c27a44b9c759acae84d225ba34d00c514df3bfceac40b95d","significance","Concept"
"7a75552c03c757e243c50d8f175fb387d25398dc9714715fab58938a58f95575","respect","Concept"
"fed16862f9aacb2bd30e39e8f8d9fe95ec251c4bace984f0dea4ee1e7c7af199","concession","Concept"
"1631ec0ced32efdfb5e7e219c75b9d4c1760ca88a8c2ed2d6b22e6e327cc6a13","military movement","Concept"
"9c18396e95f01f1d05364465ee087dacba432a8fc835239e60e9eae7124b8e4f","gadget","Concept"
"b427711a3d3b2e0ea50038297248c768fdc92a7e005adf15833a3b9a9ec41d54","hierarchy","Concept"
"f2f335913e4328252c6a842e4cc1441840f746da413762d2b3843794f7e28efe","amusement","Concept"
"afc966bbd314f58122b465226369e56f514cea4f4e41fe4ac8bf9c1546285cc6","faith","Concept"
"b0ebcc79527cd9cdf1ab50aaa552a1d30d3a1b151134c90dfb0d988e3e3dc514","leadership","Concept"
"6618ea2051dde14862e2054690599ea2ff3bff28bade129204554bb07a3d4931","problem","Concept"
"aa37d5c0274171b86c7056b2c6a3c4a3a821731741c1be9f66fe00b78bfd8336","artist","Concept"
"29e72c4b17ff5f1a0f4f5a975fc9c52b5a802dc1ae4bd2bdc205450a577d9e23","empowerment","Concept"
"2c2456b0f322068b02a88af93f84d831d9dbf7c6a5e8fe5c8db0c230088b5da2","term","Concept"
"de1a7625ec18f76d697fa2019d7682834299e4ccad66d5b0f0be827302376ea1","regard","Concept"
"fb4bad6f7bef08ed3636e26b7ea8c4eb3707be42fe2932ad91f0176a0e5fe5b5","obedience","Concept"
"84d313361f6770bfab55f4d9c9d4f039da7e7a25820854d5352c23efdbbfba0c","witnessing","Concept"
"3c9d9fb7da198c80bb988254aa890efd98868aea2bddce2e6745b217908ee5b5","attention","Concept"
"d4152451ef2480868b28f99819f0476a9d07a7eb81bf9b7ec2b69f42093e5c31","strategy","Concept"
"461a6598070f34c71f6e4863c08f5f85badddf99470e51c7c77bb3a800365320","teasing","Concept"
"847bd91f49c5578452b1aed2f33c622414eaaf1e2f98f8cd840d163508d697fc","calling","Concept"
"ba81f1c25a791cf3685899628210e576a01e6ba4fbf85a50b05b9819ee442dac","discrepancy","Concept"
"a9c8907f0a127daeb4f0a07e52e6e952d3e15aa8bc2abdd4107329715edc1d92","members","Concept"
"abd6842088db96d17a1c3dbd94d110198cdc0304f89b9e3040fc60b86ae35318","deliberation","Concept"
"458d215afafce90b33fb864dd2fd341868fb683b667a7558b553ac35f379ad0a","intellectual support","Concept"
"c38fa67696ac0790d4c1fcc2cbd5d37af80aebce28c82fa2cec76fffec6793bb","item","Concept"
"d3893e56a6f6874d0657bafb529615aa02292017f10a47fb86d644522f6a5d6e","industry","Concept"
"bdc8992455a27cce2fed9429359ab40b50b806020606766787683651c687c49a","entity","Concept"
"0e23f952c89b72e9f676d581d66f7533543feabd5ebbbb3cf395590c959791e1","discovery","Concept"
"b2007176565d63b2ff3d39a7bee4cc59648ce7ffc2eab8266bd2d4d1b2a31410","indication","Concept"
"3bb1dfa36f89bcd8aae960602023eb7b30589c61ad570117e08ff8483de635e9","society","Concept"
"585120491a28095c041ad9a84e98792fc5a32975a958a2a912cfaba6d6e47ef6","fictional figure","Concept"
"d35d4cb37c169b8145c6896d62577bed2faefb12f44bbb26aa9c5550a1de1f72","rules","Concept"
"8962dec9cb10d5e42cfd26bb8e3036a19ef704a1609c835e61a0152eeabe2f70","emphasis","Concept"
"b4530e34850963c303114d0201ae1cc893b9e78ada8f93e78c852e535869ec56","facility","Concept"
"b5966069b27cad9bf04364c046103bce525d0a82ad956dc3d7db6f2020784e02","uncertainty","Concept"
"256a531e31de6d4b25e27aa75ce506e7f49e7bc5a6ec70f2ef55ef5d50348d09","scientific discourse","Concept"
"31e26ff54b36852a089beec450d8b56bf440e9d6e7cdf7a65a0b60d154bcdf1b","clarification","Concept"
"40560055f34324563099fcd9d2d6acdc78ec5f7c79b9c4f6ae828dcf5835bb15","disinterest","Concept"
"6eb43112a85b313a09eba438017522aeea6759144c62000481b34a1405ce9901","signal","Concept"
"4d088fdc0ab09e8c70a7ccc725b0d75103ddb96f0bf6395c9cc27311e2bb8ecd","shaking","Concept"
"1a450a7532021a8f36761160d58ea38d398d46820da233adfbe09e3453e4072f","direction","Concept"
"7f00571f4b31ccd151694f6727f98e224994a2859d27fa498b5f1aa3ae7b30bf","returning","Concept"
"9d43bc92334a08dc084bb8677c7f1a1764ef2a72854ad0068a71ebb63e20c1e2","opportunity","Concept"
"f2e1c840d41fa7064ff85b1036843d5abe64c184d52b0453dddee8b64bf2536f","social interaction","Concept"
"bea0847ae04c841b4db4aa877fc84c9fd4a1ec2effe644f44e32ac8e542f9b2b","consensus","Concept"
"d0ca9c5483d9f88bcc904f93fae970721648fb1ce89617264b89202f0a93e6cc","distance","Concept"
"dbc895991c167dae47667f18fa5e1a6dc0c30f7f2a7ea38873e6dad2e787c9c5","loyalty","Concept"
"7c2daa8e7bca9bfb12f63446d080a391bf8857833e52cc2b8f80d52cdff7792b","centralization","Concept"
"fe41fdaf53d1163b7d25db2ec3693503d3cb8c762aa193a4215be4538511215d","secret","Concept"
"99f9e8ada21b5e2e325517ecfa399980cfc3102ad529fd763f65a3ac4810e052","teamwork","Concept"
"4fa0ee69dfe30db428c26dcf926ea70f0cbc3a1ca7ef686c7433bd41d49b3567","intimidation","Concept"
"34e3f863b7a4ab8a2ea912deda181590d2bc343663085a0090ee24171d749cdd","proceeding","Concept"
"2dfb685b4fafef7c9f785d8fc54b9230a07dc7f4d4fb1eefd94cd89bf1fd959a","resolution","Concept"
"9820e8d478ddbe58dacc745c77964a6709269456fb3c9b89b9aeb127d8264375","consideration","Concept"
"e8254d6c3f20d2042b797e9a52d8e5d5b9549a1c6c1542af7f19ea6e70c842c6","loss","Concept"
"e89e791d499135f8f8576c4ee96318fcc2393fad20d856d53fc450f55884dd03","regularities","Concept"
"e208840e4f6f25e9e4e0d772bf6e8bec6105672f374eba9628356d4ada04acb8","verification","Concept"
"0cf56c550212124f121310ba2320f808994233c1a904d2ae641fa7cd1ada90d1","relationship dynamics","Concept"
"31defaeed5808b4e62948573890825466989f4104f706766fb27ad8405057223","darkness","Concept"
"f8ad03143762052e074763c64c0a1c758fa54d1f9abf779e7042ea28436b08b4","deference","Concept"
"57e8f8add07fb59793a4c487d409ca15f83ba8cfc3b652fe9c2d96e659821d82","surveillance","Concept"
"043ee7625c7ae0208954055aec252d8bdb337da3f985eee06326e9901499932a","rumble","Concept"
"5912d5b4e1222576bac2eb7585bb497fdfd4ecf142f9f38f05f5d4ac2f4932ee","resilience","Concept"
"3f9fa84decab22650bf240db5c98969e7e5a2150decff0002424d4aa1d63b509","inspection","Concept"
"ce1bcf7dce13915aecbd6e834bc2b0f5ab40a93824dc47e5771566985027f018","staff","Concept"
"e67565043e9d9ff4aa8563f81a3e34cd1b825fa45883d536ec70ffa26aa5bd2a","invitation","Concept"
"b6a6e87096d0e46e86ff3b158b39516884b47203b42e1c9b353497803bdfa3ef","display","Concept"
"d120eda9be7f0b27fe14e31d23005ba6e1e3d33fa1fb0b513935070475a541d7","alert","Concept"
"05a2940d88330ff8b337cae848cda130d764d2e74087a427d77f0f141511eef2","devices","Concept"
"d0f2b213a2853e1163963dafacc3b5cff13cfc0ed2d1a36974189db064def45a","gesture","Concept"
"343cc163bb65caf1d22850ed21d9d38149e77a56f6b4972b27b7047152fc0ca8","incursion","Concept"
"97e2dfd33a4968ddf2403163a93e9ac67fc3bde5cc8c25833a67285988b49873","title","Concept"
"80c668af6f406d62b000f88e8b1e2601aebd2a1dfad01ccdbfb522809354fdf5","relief","Concept"
"3bd62c9ab1da5c4763581a952f0f5767e8c754ae5653ba60782bed06df6bc584","conclusion","Concept"
"9bdbe559028be8c960dd8a646590f64cbb4dd82d9731d17b739e791b9577a7e1","entry","Concept"
"0fe1bc07aa84664e7f5aee2914210aa0b0202221318e76e6017bc825554c7cd6","anxiety","Concept"
"150343539416c39a6fe4d8aa7d544af3aa835593b8333b096655381d1d5e3b6f","coercion","Concept"
"f1203a68f786c359b427f629dd9e9f0cb5fba88e8296b3d92383e5ac944d0fb2","awareness","Concept"
"bfd6750ff5240210a1ab6d9ba8860f8bce2d081f9d341ae2b5bd812743c895d7","panelist","Concept"
"7d6c4d67673cd4578731fd587b2d279a7eda97ef7ae5691ff15cdf1f6e4be39a","hearing","Concept"
"6d339becd6ce1a0ccd4b35eb3cdfd310f3d312f91d29c97a6d18f8d53c7afce9","undertaking","Concept"
"b32fd7959e33b829d9f6591c470febaac0b3151a7f844293a811e68f51474982","intellectual","Concept"
"94998de7e367df4bc96ed347038ac7afffb8aca1ead08176c248e00aede4e332","artifact","Concept"
"f9cec4620d47a99efeeef32e590b728b40a8484497b4c3b22e4ca5079bb5d5d9","foresight","Concept"
"64704a8008e16b8fcd34dade48159e4a08917b0cf886d281337bbbdbe7788048","repair","Concept"
"c0d4ce3f92dae2fff65be53039f89fa3d10a58910abe945794791d39903b830f","revolution","Concept"
"5a42584f38997e32a92031a7e4a24cc2d655e65600a1be1a88b3d1ee93367caf","guidance","Concept"
"13038d84cdb75537b7d842244484caff196a6303de989c692d1d0d7918eb22e3","perspective","Concept"
"0a7d7f65e8897ecfd2cd6203d09ce5cf35f0316b9a980cc2845c01b4631704cc","honesty","Concept"
"42c09c9ba518a14e2a95d07a753788af66d526c9f289849ed4ba8da97e0f27fe","category","Concept"
"f778b8110b163361c4325aa18308f672e06ce1c6a78f5b7d19007ca46fdf3d63","emotional expression","Concept"
"389ee39f88f6a79e2ec050d283006b3c859c3699216b6e292a6c59e0fd205819","word","Concept"
"368dc1cd10f0efbaa0756841eb51cdb5d49b1174ba7eaeaffb8c29852c211222","togetherness","Concept"
"1fc049e51f264a3d04db85bab94b04f3201fa81794c2bc144fe717f973fdf13f","investigator","Concept"
"6528df1416f5bc7b84127b263f4e3ae4f8be44e4ea6fe12b1bfc38e1f7c831a0","light","Concept"
"c682dae1c4e70b2be8caffa3af5149f801c8887247f26ab32923ed7bf1320175","inevitability","Concept"
"04001dffd9c7e3d6653726155361ce835e25724e1a722c87f742d805593f9fab","machine","Concept"
"ba563f42a4e464b0c53cf7a62fa51db079f6f69e4e59c959e467205b69046e94","futurism","Concept"
"d1f6261a8d5548f068019bdaf487cfcb2796c88fa6789173057f56e9ee58c80e","releasing","Concept"
"1aacbff6064531151fd3aa43b3a8ff135caa29b89081a0ab3ca44b6bc5a94133","defiance","Concept"
"d830cb34b98e385753d227580ae6df2b5a2fbb7fb9826400a34d5b05591e341b","endurance","Concept"
"bf0bd81d041c39fa5e3dac78cd870e2c76f9e47c825eb1fd4b2d80794cf1e094","character","Concept"
"918663674f1491b7bd431eee78169b3ea8b75c131372f8e1afc92d5d9349599a","gathering","Concept"
"c2698d92d95cd0a70a1d9429a8a6cc14ab2e1419114eff1bfe4914350b95783a","examinee","Concept"
"c116679dd5f4f98ed75b9ff75d38f967f3ab0fb98593a664070e073a722018d7","forced smile","Concept"
"9ba06fbd0426191cab68526633f77bc83057a602567d4b7c13fa15c631d3518e","attraction","Concept"
"f48f6aa61acead4887f2a5fbcdf13dc5361a1d2d3f9be4e700a1604eee341508","sighing","Concept"
"2763bed3844e26666ca55b146ed21323440cd666add6f80fc9409f2f77c20f33","possessive","Concept"
"e57bc9b42020db85bd7ba921cc61f7ac3ccbed520d7746459dea933fcb40dcbb","eye contact","Concept"
"f976c6b182ca427bd4c4aba4ae7657a849ddb7e8edc77ad8f56a9449f15f7af3","physicality","Concept"
"113732d93c74d57ef4faa78449e526c991965d2eb67e292c700b4af4b08db6aa","tools","Concept"
"8ed04ed41a85892fc57934808724c9f05a580fa6bec690050c230fec35166396","notification","Concept"
"0f57fa172c32959ec85de0ac7522bf37fd09dd4c086ad410a5f9bf8cd99656b1","synchronization","Concept"
"83ea469437155cc0089bc8592af4e2c719829245420ced9e3a3bdcd10f3b928b","whispering","Concept"
"b289ea6cf44be0b1beefb8ff6fde15d5cc3c479d88ebe20b4b5d5e2d1503f21a","correction","Concept"
"79e5686c6a5a7090de1b6da71c860d8a5de33e5375d9bc36ac11326343746b01","boundary","Concept"
"2f3ac17032131abdaff4884f1df3acf311720a1d4ac4562247e2954de1f231c6","vulnerability","Concept"
"89ff8e5bb3cc24d5754c872b280bb56d33485a2c6648bd45edc27dd15db4e570","doubt","Concept"
"420d6aed65f3d7122b929a69bbdd10d0cff4386606ba83f2ceae2d0d472c7803","phrase","Concept"
"9b53cd635e1aeef1750dce5243640fab1cb89e877620ab4f986d732bb49c7086","future","Concept"
"78a98f5bfbd6e9853f43f3226502f15222a0551f88d44e1af6babe511272a742","navigation","Concept"
"764e6c48c1a80cad8207b194f166e5447d0ee84b749549fa0ef8c88d01577ebb","manipulation","Concept"
"09441f32b5a00ef7c2a80fe3717bf0a0e90f901fa311608ea530be1a5ce4f3b4","jamming","Concept"
"99beef0a5d3f2fadc7822041581857c994a24fcc4e154b40e0799214fe6c9390","alignment","Concept"
"3f8df0b097d72ead3a9016a44580929a5b2f75d5a38f1b3e5d3eb77a6a3ebd4e","wisdom","Concept"
"7e79fa0a5c152974b09ebb2b74517db1f4fbeb8622dfeb160572c25dc4061012","evidence","Concept"
"2386f21ada5e3f235bd35e64cf201d412d87c5b50763d1665538292741a35886","thing","Concept"
"a42507fb97d307c7de525a35f3b76bb1cd3fb5eb5229727a99944510a3714ab3","interrogation","Concept"
"34d30541dc320f14e2524d75ecdf35576b1c4830fd45743e089917eb59194c06","phenomenon","Concept"
"991405de5610bfb34ef95d7454ab49b58ef13ee7298f4f2e9ac733ab5bfd32b4","confession","Concept"
"52a6e5f61ba09709362264764ca7e31f6c57710bbd6f1c753f8354c9c3a4b5e5","adjustment","Concept"
"3e7d416d51de31e7c1da0d3b3b1b1c3bd8e09bd2dd4ead98e07680f068c78266","field","Concept"
"9b77441b23542fad6ded5c9a8191bbd57a493369346864eb1c48468a3453b97a","advocacy","Concept"
"b886c9fa9efe719d355df6639f7538f6428438cb27ae9084e2e0c210b8b4e1d9","meeting","Concept"
"2a50241214f3f33eb243dc203b3eb65880f934de3615bf0370b1636ec97939cc","plan","Concept"
"f96f9719754a1c11c7e19a28ee61ef800bdf8f192c45914b9bd7625393e68062","evaluating","Concept"
"7bbe9da64eafe9e1e9b9350fdcb7004887e2c80474fd03aa1468b1103e8424f7","tool","Concept"
"6491e77a3ac91d8746695eebb242ce329a9a0ef876dd5091698267ded5e415ae","contemplation","Concept"
"b3bd7d46f27ea2c1dcad13013c4c0ca121fb31b208c899ad6b45c4991185dd4d","setting","Concept"
"171c17856fdc5802b4d352fe1bc9f71bcd7c41bb7fb85372887f14b24d9e05dc","vehicle","Concept"
"a280c706bc6ec458f407536590da6f8aef701f017172224caf0b99b4ad97cb91","calming","Concept"
"a1508f705dc9590e9c3b24796a238799096983d1c50ef3e8ece9f4b48982c732","motifs","Concept"
"aba9e9868d1f1c92e35fb67655b16f7c1f0d7662ae246db57902ce1110970c9e","record","Concept"
"3e5de63011b042e95e8aca3a142f10b04ec686c7466a45f1e76b4169b0dacd90","work break","Concept"
"ca869d13a8f2c62f7928ce5849c603a249692182221d055f9a8427cc3b1bf8c1","compliance","Concept"
"ecfa1c94efc3a5bfcdce864961d0e0091d09c814772ed0d2c54261888cce7e6d","characters","Concept"
"7749fc12a45bfaa3ebe56bcc410d385b8f3c23fe3ad5cbf928161fcda241c582","ability","Concept"
"21b88672d15b90c3816713c6828cf7320e04e11d7301057f4ede96ce45e66c59","reunion","Concept"
"867dabebab3af6574b3dcc4331855d22d027647908b69153315cc9f456ef1f1c","securing","Concept"
"359ca7762ca03018aab0c0a6dfdd6fa3d5fb33fb0817ba6377aec35703e59bf1","identifying","Concept"
"534b4d2518227e012da93b04b74d74c4bb437a1f842c4557ccdba735cf2a089d","initiative","Concept"
"09077c0520b4cf9ba28ae9461b29a399a85d1ec0cbdaaa7d0e75cd9e08374fdb","rejection","Concept"
"5a612e37cd44a1808b8d34b0d8645d9205bf44380e9964bd3f000cf8f380f0ed","facts","Concept"
"edccf2181afd50e844d8e5098c17b31ad50f382d3b2a90cfad09484f39671063","seriousness","Concept"
"bc78217fd9daa1bc0a3c12555341768d2c13d326b2483b2bd854db00a27e5302","brightness","Concept"
"9bf1f527fe960098c3c6f1fb0859109e3c1ad1bf9ec0b5b6a49396949ea09f3b","encounter","Concept"
"62091ff1dcd27a35994c098e5aba61cd398632dc1bf00bc990504aa8220ac723","collection","Concept"
"2d330678745269d5416e96bb62dc3554e0398b63fbb91c140eb34c950409918e","assessment","Concept"
"828f282070f085b93340af23f2f6346cdc0bd3d10928616a6f7ac78b4bef6f45","astonishment","Concept"
"2f55bcdc90d655ca679752faabcf9a063b807bbad3bdbd922194ea8d089cdf28","malfunction","Concept"
"4e6503288723ef37167a7f924f9a9d22a824fd5ec6f523dbffaeec54f6eaf829","consequence","Concept"
