node,conceptualized_node,node_type
Sam mirrored thought about intuition.,"reflection, contemplation, self-awareness, introspection, cognition",event
Taylor Cruz stepped firmly into the role of de facto leader and set a brisk pace.,"leadership, determination, initiative, responsibility, authority",event
The doors closed and they descended.,"descending, confinement, journey, transition, enclosure",event
Taylor Cruz asked if Agent Mercer was having second thoughts.,"interrogation, doubt, inquiry, concern, confrontation",event
Their eyes danced across lines of code and intercepted comm signals.,"codebreaking, surveillance, analysis, interception, espionage",event
Jordan thought a gamble was worth the potential paradigm shift.,"risk-taking, decision-making, calculated risk, opportunity, change",event
"Jordan glanced up, meeting his eyes.","gaze, eye contact, acknowledgment, connection, silent communication",event
Sam Rivera sat with a demeanor of focus and casual disguise.,"concentration, concealment, vigilance, composure, intention",event
For all of us.',"commonality, belonging, inclusion, unity, togetherness",event
"Marshaled back to the moment by the blink of lights and whir of machinery, they refocused their efforts, each movement sharpened by the knowledge that beyond understanding the unearthly artifacts, they might be piecing together the future of their species.","focus, concentration, urgency, discovery, survival",event
They laughed.,"amusement, social interaction, joy, humor, communication",event
Alex leaned in and spoke to Jordan.,"conversation, communication, whispering, intimacy, approach",event
They stood in a tight pack.,"congregation, crowding, huddling, proximity, gathering",event
"Taylor said 'Focus, people. We have protocols for a reason. Speculation is counter-productive.'","directive, discipline, protocol, leadership, admonition",event
He said 'Let's proceed.',"initiating, moving forward, continuation, decision, action",event
Sam reacted to the drone.,"responding, surprise, curiosity, attention, alertness",event
Alex straightened in his seat.,"posture adjustment, sitting, attention, alertness, correction",event
"As Sam and Alex nodded in unison, the icy chasm of hierarchy and cryptic protocols seemed momentarily to bridge over with an understanding—this mission was convergence, a nexus point that would challenge each of their motives and strength.","agreement, cooperation, connection, teamwork, understanding",event
They knew they might be piecing together the future of their species.,"species survival, foresight, discovery, hope, destiny",event
Alex started speaking about what's at stake for humanity.,"speech, warning, advocacy, discourse, urgency",event
Jordan's eyes revealed a spark of understanding.,"realization, insight, cognition, comprehension, epiphany",event
The crew exhaled with relief.,"relieving, breathing, calming, releasing, relaxing",event
"'Hayes, Mercer, this isn't philosophy hour.","interruption, admonishment, urgency, focus, dismissal",event
Their footsteps synchronized.,"harmony, coordination, unity, walking, rhythm",event
"Taylor Cruz's voice, laced with an edge that demanded attention, said 'I assume, Agent Mercer, you’re not having second thoughts?'","interrogation, confrontation, authority, suspicion, dialogue",event
Sam's voice crackled with a joke.,"humor, laughter, joking, wit, amusement",event
"They filed out of the briefing room, their footsteps synchronized, a rhythm that spoke volumes of the unknown cadence they would soon march to within the base's veins.","military movement, departure, coordination, discipline, anticipation",event
Alex asked if Sam had a minute.,"request, inquiry, communication, conversation, availability",event
Sam said always and swiveled to face Alex.,"turning, confrontation, response, acknowledgment, attention",event
They descended into the darkness together.,"descent, exploration, risk-taking, partnership, adventure",event
Dr. Jordan Hayes mused over layers of data.,"contemplation, analysis, reflection, cognition, deliberation",event
"The compliance in his tone was unsettling, even to himself.","compliance, unease, self-awareness, discomfort, submission",event
They filed out of the briefing room.,"departure, military operation, debriefing, order, dismissal",event
Their shared silence held a newfound understanding.,"silence, understanding, connection, realization, communication",event
Jordan thanked Alex.,"gratitude, appreciation, politeness, acknowledgment, social interaction",event
Alex's shadow loomed over Sam's workspace.,"intimidation, dominance, encroachment, power dynamic, looming presence",event
Sam used their gadgetry to interfere with the drone.,"jamming, sabotage, disruption, countermeasure, interference",event
Jordan looked up and locked eyes with Taylor.,"gaze, eye contact, connection, recognition, encounter",event
Sam felt the weight of expectation pressing upon his shoulders.,"pressure, burden, anxiety, responsibility, stress",event
There was a vibration from the walls.,"tremor, shaking, resonance, quake, rumble",event
Cruz told Rivera to keep that trick handy.,"advice, instruction, suggestion, secret, strategy",event
"With a sound of restrained acknowledgment, Jordan returned their gaze to the device, while Alex clenched his jaw, the buzz of frustration dull against the backdrop of Taylor's authoritarian certainty.","tension, conflict, submission, frustration, authority",event
Taylor Cruz's voice laced with an edge demanded attention.,"commanding, assertiveness, authority, confrontation, urgency",event
They refocused their efforts.,"concentration, redirection, determination, adjustment, focus",event
Jordan gave a short nod.,"acknowledgment, agreement, gesture, communication, affirmation",event
Jordan explained their reasoning as Sam approached.,"explaining, approaching, reasoning, conversation, confrontation",event
Jordan explained the panel was a recent addition.,"explaining, communication, information, clarification, presentation",event
Taylor Cruz announced it's time to gear up.,"preparation, action, mobilization, announcement, readiness",event
Sam offered a murmured 'Copy that' while fiddling with a handheld device.,"communication, compliance, acknowledgment, operation, response",event
"It was a small transformation, barely perceptible, but one that Alex noted with an inward nod.","change, development, evolution, adjustment, transition",event
"Amidst the sterility of the briefing room, the liminal space between the facts laid out and the hidden truths, sat Sam Rivera, his demeanor an artful balance of focus and a casual disguise of his razor-sharp talent with technology.","briefing, technology, focus, deception, intelligence",event
The weight of the metal door closing reverberated.,"closing, heaviness, sound, impact, resonance",event
Sam Rivera's eyes drifted back to the screens.,"distraction, focus shift, monitoring, attention, re-engagement",event
Jordan Hayes approached Alex Mercer.,"approaching, meeting, confrontation, social interaction, encounter",event
"'You've been quiet, Sam,' Alex noted, catching the younger man's contemplative gaze.","conversation, observation, reflection, silence, attention",event
"'If I'm right, what we're looking at isn't random—it's a structured anomaly.","analysis, discovery, pattern, investigation, revelation",event
"Not the mission parameters, but what this means for us—humanity.'","reflection, consequence, significance, interpretation, perspective",event
Cruz's voice trailed off as the small airborne device came into view.,"distraction, interruption, surveillance, intrusion, curiosity",event
They conveyed the shared enormity of their situation.,"communication, expression, acknowledgment, connection, understanding",event
Taylor had looped back upon hearing the commotion.,"turning back, curiosity, investigation, return, hesitation",event
Taylor said speculation is counter-productive.,"criticism, dismissal, debate, communication, opinion",event
Sam's eyes drifted back to the screens.,"distraction, focus shift, screen time, attention lapse, digital engagement",event
The base was alive in a way they hadn't fully anticipated.,"activation, surprise, liveliness, awakening, unexpectedness",event
"Jordan said 'Details are imperative. We’ll need your clear-headedness down there, Mercer.'","instruction, caution, emphasis, warning, request",event
He gripped his rifle with a newfound firmness.,"determination, resolve, empowerment, readiness, focus",event
Their fingers paused over the keyboard as they leaned back in the chair.,"work break, rest, pause, thinking, fatigue",event
"A comfortable silence lingered briefly before Sam Rivera added, 'I've combed through the last transmission logs.'","conversation, pause, reflection, communication, tension",event
"Dulce waits for no one,' Taylor announced, his voice carrying an iron resolve that knew the costs of hesitation—though whether the cost was calculated in human or career terms was an ambiguity he wore like a badge of honor.","resolve, determination, waiting, announcement, ambiguity",event
"Taylor Cruz snorted dismissively and said 'Focus, people. We have protocols for a reason.'","criticism, authority, discipline, rebuke, professionalism",event
Jordan Hayes offered a supportive nod.,"acknowledgment, encouragement, agreement, approval, affirmation",event
"Jordan returned their gaze to the device, while Alex clenched his jaw.","avoidance, tension, conflict, distraction, confrontation",event
"Agent Alex Mercer watched, admiration blooming in silent solidarity.","admiration, observation, solidarity, silent support, witnessing",event
Dr. Jordan Hayes felt reluctance to accept other possibilities.,"stubbornness, rigidity, closed-mindedness, resistance, inflexibility",event
Taylor warned that they couldn't afford to attract attention.,"caution, warning, risk, secrecy, concern",event
Alex felt the weight of his compliance conflicting with his natural inclination.,"dilemma, internal conflict, obedience, struggle, self-denial",event
"Taylor said, 'If this tech can be understood... It could change the game for us.'","communication, expression, statement, revelation, possibility",event
A calculated risk—that's what this was.,"calculated decision, risk-taking, strategy, gamble, evaluation",event
Cruz directed the team to move out.,"commanding, leadership, direction, mobilization, order",event
Sam Rivera was surprised by the unexpected arrival.,"surprise, unexpected event, arrival, astonishment, shock",event
"It was this competitive undercurrent that kept him alert, the sense that his and Jordan's shared commitment to discovery was an unspoken rebellion against Cruz's narrowing vision of control and order.","competition, rebellion, alertness, commitment, discovery",event
"'I’ve been thinking,' Alex started, his eyes still fixed on the immediately tangible mystery before them.","thinking, contemplating, pondering, reflecting, analyzing",event
"Alex Mercer straightened in his seat and said 'I agree, Agent Cruz. Protocol is paramount.'","agreement, protocol, compliance, formality, dialogue",event
An approaching drone cut through their muffled exchange.,"interruption, surveillance, intrusion, disruption, interference",event
Sam admitted the patterns are off.,"confession, acknowledgment, realization, correction, honesty",event
They fanned out into the unknown.,"exploration, discovery, venturing, search, dispersion",event
They chuckled.,"amusement, laughter, joy, humor, mirth",event
Alex Mercer's determination had merely taken a subtler form.,"determination, resolve, subtlety, perseverance, focus",event
Cruz squared their shoulders and directed 'Move out.',"commanding, leadership, initiation, authority, order",event
Alex Mercer expressed concern about the silence from Dulce.,"communication, worry, concern, silence, inquiry",event
The crew exhaled in a moment of collective relief.,"relief, exhaling, tension release, group emotion, sighing",event
They had all been brought here by different paths and for different reasons.,"convergence, fate, journey, destination, gathering",event
Alex Mercer said 'Let's proceed.',"approval, decision, continuation, initiation, command",event
Jordan said 'This panel is a recent addition — covering something they didn't want found.',"confession, concealment, exposure, secret, revelation",event
Dr. Jordan Hayes mused over the layers of data.,"analysis, contemplation, research, reflection, insight",event
"Jordan tilted their head ever so slightly, their eyes revealing a spark of understanding.","acknowledgment, insight, curiosity, realization, comprehension",event
Their torch beams sliced through the air.,"illumination, signaling, visibility, searching, piercing",event
Sam regarded Alex for a moment.,"observing, judging, pausing, evaluating, contemplating",event
Alex caught Jordan's gaze and leaned in.,"romance, flirtation, intimacy, connection, attraction",event
The doors to the mainframe room stood ajar.,"openness, vulnerability, access, neglect, secrecy",event
"The underlying dismissal earlier seemed to falter, replaced by a glimpse of reluctant respect for the gravity of what lay in their hands.","respect, seriousness, realization, acknowledgment, gravity",event
Jordan only allowed the faintest furrow of concentration to mar their brow.,"focus, concentration, restraint, composure, control",event
Jordan expressed feeling since the briefing.,"communication, emotional expression, sharing, disclosure, update",event
Sam Rivera sat alone in a cramped office.,"isolation, work, confinement, solitude, reflection",event
Alex's eyes brightened with a subtle approval that crossed the distance like a silent nod.,"approval, communication, non-verbal interaction, acknowledgment, silent agreement",event
"In the midst of the descent, they were each alone yet irrevocably joined, stepping closer towards the volatile embrace of Operation: Dulce.","mission, descent, isolation, unity, danger",event
"It wasn't just the mission that was immense, it was the trust being placed in him.","responsibility, duty, faith, burden, confidence",event
"Keen eyes will keep us ahead—or at least not blindsided,' he said, affirming the belief that inscribed Sam's role as more than the tech personnel—he was to be a guiding intellect in the heart of uncertainty.","foresight, vigilance, leadership, guidance, wisdom",event
"Yet, beneath the veneer of duty, the enticement of the vast unknown pulled them inexorably together, coalescing their distinct desires into a shared pulse of anticipation.","anticipation, unity, desire, adventure, allure",event
The elevator shuddered.,"mechanical failure, malfunction, movement, vibration, alarm",event
Alex flickered a strained smile.,"forced smile, discomfort, masking emotion, social interaction, tension",event
"The elevator came to a halting, eerie calm.","malfunction, suspension, stillness, interruption, unease",event
"The cooling vents hummed in a monotonous drone, but it was the crackle of the comms system coming to life that cut through the lab’s tension.","anticipation, communication, alertness, tension, technology",event
Their laughter served as a brief respite.,"laughter, joy, relief, healing, connection",event
Sam Rivera said Alex and Jordan could make sense of the anomalies.,"understanding, expertise, problem-solving, interpretation, insight",event
Alex Mercer gripped his rifle with a newfound firmness.,"firmness, determination, resolve, weapon handling, readiness",event
Alex noted Sam's contemplative gaze.,"perception, observation, introspection, noticing, reflection",event
Sam Rivera piped in with a joke.,"humor, comedy, wit, laughter, interjection",event
Every agent held a renewed sense of wariness.,"wariness, caution, vigilance, alertness, suspicion",event
Jordan realigned a translucent component.,"adjustment, repair, alignment, precision, manipulation",event
Alex Mercer hesitated and weighed his words.,"hesitation, deliberation, uncertainty, reflection, caution",event
Then Taylor did something unexpected.,"unpredictability, surprise, deviation, shock, spontaneity",event
The team pressed onward.,"perseverance, progress, determination, advancement, endurance",event
"Taylor ordered 'Eyes sharp, people. Comms check, every thirty seconds.'","command, communication, vigilance, military, protocol",event
Agent Alex Mercer seemed dwarfed by the enormity of the sterile briefing room where Paranormal Military Squad's elite convened.,"intimidation, insignificance, confrontation, briefing, hierarchy",event
'Your take on these signal inconsistencies?',"questioning, analysis, skepticism, inquiry, discussion",event
"For a person of science, a gamble was worth the potential paradigm shift.","risk-taking, scientific breakthrough, paradigm shift, intellectual gamble, discovery",event
Sam Rivera agreed to talk.,"agreeing, communication, consent, negotiation, dialogue",event
Alex joined Jordan's side and examined the panel.,"assistance, collaboration, inspection, teamwork, evaluation",event
A wordless clash of wills softened into an uneasy truce.,"conflict, negotiation, resolution, compromise, truce",event
The team converged upon a central hub.,"assembly, gathering, meeting, centralization, convergence",event
Sam's tech-savvy mind was steps ahead.,"intelligence, foresight, innovation, strategy, advantage",event
The team chuckled.,"amusement, laughter, humor, group joy, lightheartedness",event
The drone lingered and its scan seemed more curious than hostile.,"observation, surveillance, curiosity, exploration, inspection",event
Jordan Hayes narrowed their eyes but offered a supportive nod.,"acknowledgment, approval, consent, reassurance, encouragement",event
They shared a cautious glance.,"communication, suspicion, eye contact, wariness, non-verbal cue",event
Agent Alex Mercer seemed dwarfed by the enormity of the sterile briefing room.,"insignificance, intimidation, isolation, formality, powerlessness",event
Jordan tilted their head slightly.,"nonverbal communication, curiosity, questioning, expression, body language",event
Sam felt more than just tech personnel.,"identity, purpose, awakening, self-discovery, belonging",event
Alex's eyes brightened with subtle approval.,"approval, encouragement, validation, reaction, acknowledgment",event
"Alex straightened in his seat and said 'I agree, Agent Cruz. Protocol is paramount,' meeting Taylor's steely gaze.","acquiescence, formality, deference, confrontation, tension",event
Taylor Cruz ordered comms checks every thirty seconds.,"communication, monitoring, protocol, discipline, control",event
The team advanced into Dulce base.,"advancement, mission, infiltration, military operation, progress",event
Sam Rivera reflected on the limits of numbers.,"contemplation, mathematics, introspection, abstraction, philosophy",event
"Jordan said 'Thank you, Alex.'","gratitude, thanking, appreciation, courtesy, acknowledgment",event
Alex Mercer lingered in thought.,"contemplation, introspection, reflection, meditation, rumination",event
"'The patterns are... off,' Sam admitted, hesitant but driven.","hesitation, confession, realization, suspicion, determination",event
The thrumming of monitors cast a stark contrast to the rigid silence enveloping the group.,"contrast, silence, tension, observation, technology",event
"He said 'Of course not, Agent Cruz. Just trying to soak in all the details.'","conversation, investigation, observation, clarification, denial",event
They moved deeper into the heart of the enigma.,"exploration, discovery, mystery, journey, investigation",event
The drone came into view with sensors locked onto the group.,"surveillance, targeting, detection, threat, pursuit",event
Alex gave an inward nod.,"acknowledgment, affirmation, consent, approval, signal",event
The drone drifted away.,"loss, malfunction, disappearance, detachment, flight",event
Alex asked Sam for his take on signal inconsistencies.,"consultation, inquiry, discussion, feedback, analysis",event
Dr. Jordan Hayes hovered over a table arrayed with alien technology.,"investigation, examination, discovery, technology, science",event
He felt the weight of his compliance conflicting with his natural inclination.,"internal conflict, obedience, resistance, self-denial, moral dilemma",event
"A quiet resolve took form within Alex, galvanized by the groundwork laid by their interactions.","introspection, determination, commitment, resolution, decision-making",event
Sam's fingers flew over the controls of their own gadgetry to ward off the threat.,"defense, combat, technology, urgency, skill",event
The drone drifted away and retreated into the shadows.,"losing control, malfunction, retreat, obscurity, disappearance",event
"Sam Rivera added 'I’ve combed through the last transmission logs. If anyone can make sense of the anomalies, it’s going to be the two of you.'","information analysis, communication, delegation, investigation, expertise",event
Sam Rivera added 'I’ve combed through the last transmission logs.',"investigation, analysis, communication, reporting, conclusion",event
Alex turned and replied about being pawns.,"conversation, confrontation, response, defiance, acknowledgment",event
Darkness uncovered steel doors with warnings that spoke of top secrets and mortal dangers.,"mystery, danger, secrecy, revelation, forbidden",event
We're standing on the precipice of knowledge that could either elevate us or condemn us.',"knowledge acquisition, decision, risk, discovery, dilemma",event
"There was a respect in Alex's tone, though a respectful distance remained—a gulf of experience and a hint of protective mentorship that stood between them.","respect, mentorship, distance, hierarchy, deference",event
"Across from him, Alex Mercer lingered in thought, the mental cogs turning as each file on Dulce stirred more than curiosity—it beckoned to a past both honored and burdensome.","reflection, contemplation, memory, burden, intrigue",event
Taylor Cruz ordered a systems check.,"inspection, verification, protocol, maintenance, supervision",event
Jordan Hayes agreed and mentioned the lack of choice.,"acquiescence, resignation, inevitability, constraint, concession",event
"With dulled eyes, he scanned the projectors outlining their impending odyssey into Operation: Dulce.","preparation, anticipation, mission briefing, tension, focus",event
The team advanced into the depths of Dulce.,"exploration, expedition, incursion, journey, descent",event
Alex noted the small transformation between Jordan and Taylor.,"observation, change, noticing, comparison, relationship dynamics",event
A shudder ran through the elevator.,"shaking, mechanical failure, malfunction, vibration, movement",event
The icy chasm of hierarchy seemed to bridge over with understanding.,"harmony, connection, reconciliation, unity, empathy",event
Taylor heard the commotion.,"hearing, alertness, disturbance, perception, reaction",event
The crackle of the comms system cut through the lab’s tension.,"communication, alert, interruption, noise, signal",event
"'If this tech can be understood...' Taylor said, their voice quieter, 'It could change the game for us.","discussion, speculation, possibility, breakthrough, hope",event
They knew the mission required clear-headedness.,"awareness, focus, cognition, clarity, decision-making",event
Alex Mercer asked Sam Rivera for a minute.,"conversation, request, interaction, communication, inquiry",event
The device emitted a low pulse.,"signaling, operation, activation, emission, function",event
"Cruz said 'And Rivera, keep that trick handy.'","speaking, instructing, reminding, commanding, dialogue",event
Sam Rivera added that Alex and Jordan could make sense of the anomalies.,"explanation, comprehension, analysis, interpretation, clarification",event
"Jordan glanced up, meeting his eyes just long enough to convey the shared enormity of their situation, the career-defining glory and existential dread entwined.","acknowledgment, connection, gravity, confrontation, significance",event
Taylor paused beside Jordan and observed the device with reverence.,"observing, reverence, contemplation, pausing, examination",event
"We need actionable intel, not daydreams.'","urgency, information, realism, pragmatism, warning",event
"Sam nodded, recognizing the space afforded to him, and he couldn't help but feel the weight of expectation pressing upon his shoulders.","recognition, pressure, expectation, obligation, acknowledgement",event
The doors closed with a silent hiss.,"closing, sealing, quietness, mechanism, transition",event
They congregated at the elevator.,"congregation, gathering, waiting, meeting, assembly",event
Cruz reacted and ordered a systems check.,"responding, command, verification, protocol, alertness",event
"Agents Alex Mercer, Jordan Hayes, Taylor Cruz, and Sam Rivera proceeded.","proceeding, teamwork, mission, movement, coordination",event
Alex turned to leave.,"departure, movement, exit, decision, action",event
Sam said what they're looking at is a structured anomaly.,"identifying, observing, analyzing, anomaly, explaining",event
Their eyes locked with Alex's.,"eye contact, staring, gaze, connection, confrontation",event
The thick metal door closed behind them.,"confinement, separation, security, finality, isolation",event
"Jordan said 'Mercer, Rivera, come see this.'","summoning, calling, attention-seeking, gathering, command",event
Jordan Hayes approached him.,"approach, encounter, social interaction, meeting, confrontation",event
Alex Mercer responded with a steadier voice.,"calmness, composure, response, communication, assurance",event
"Alex flickered a strained smile, still thumbing his folder's corner.","nervousness, concealment, discomfort, masking, anxiety",event
They stepped into the elevator.,"transportation, vertical movement, entering, transition, ascent",event
"'What we understand about physics...' they muttered, trailing off as they realigned a translucent component.","scientific discourse, problem-solving, experimentation, technical work, inquiry",event
"They paused beside Jordan and, for a moment, observed the device with something akin to reverence.","observing, pausing, reverence, admiration, contemplation",event
"The words 'counter-productive' seemed to hang in the air, a tacit reprimand directed at Alex.","criticism, judgment, tension, confrontation, disapproval",event
The Paranormal Military Squad's elite convened in the room.,"meeting, assembly, gathering, strategy, secrecy",event
"Dr. Jordan Hayes hovered over a table arrayed with alien technology, their fingers delicately probing the enigmatic circuitry retrieved from the crash site.","investigation, analysis, discovery, examination, research",event
Alex met Taylor's steely gaze.,"confrontation, eye contact, tension, challenge, intimidation",event
Jordan considered the potential paradigm shift from understanding the device.,"cognition, analysis, evaluation, contemplation, insight",event
Alex joined Jordan's side to examine the panel.,"cooperation, inspection, collaboration, assistance, teamwork",event
Jordan Hayes approached Mercer.,"approaching, meeting, confrontation, interaction, encounter",event
He was concerned about the silence from Dulce.,"concern, waiting, anxiety, communication, absence",event
"The device emitted a low pulse, causing Jordan to still.","stillness, immobilization, shock, paralysis, alertness",event
They knew well enough the struggle of aligning personal convictions with overarching missions.,"conflict, compromise, conviction, loyalty, tension",event
Alex said he was just trying to soak in all the details.,"observation, learning, absorption, attention, immersion",event
Jordan Hayes remarked on the mission's nature.,"comment, statement, observation, assessment, reflection",event
He wanted to compliment Jordan's analytical edge.,"praise, recognition, admiration, approval, validation",event
Sam Rivera piped in with a tone of balanced levity.,"speaking, interjection, humor, commentary, response",event
They fortified their resolve and stepped through the threshold.,"courage, determination, commitment, decision, action",event
Alex Mercer spoke in compliance with Taylor Cruz.,"agreement, communication, conformity, obedience, dialogue",event
Jordan Hayes said details are imperative.,"communication, emphasis, importance, information, clarity",event
Sam offered a murmured 'Copy that'.,"acknowledgment, communication, compliance, response, confirmation",event
Sam craned their neck upwards.,"looking up, observing, stretching, curiosity, attention",event
The words 'counter-productive' hung in the air.,"criticism, tension, awkwardness, communication, judgment",event
The group converged upon a central hub where the imposing doors to the mainframe room stood ajar.,"meeting, gathering, approach, access, intrusion",event
Their destinies were forever cemented to the legacy of Operation: Dulce.,"fate, commitment, legacy, mission, sacrifice",event
A quiet resolve took form within Alex.,"decision, determination, inner change, self-reflection, emotional shift",event
The elevator came to a halt.,"stopping, mechanical failure, vertical transport, waiting, pause",event
Alex's link with Sam was poised with mutuality.,"relationship, connection, mutual understanding, partnership, harmony",event
Agent Alex Mercer scanned the projectors outlining their impending odyssey into Operation: Dulce.,"preparation, planning, mission, briefing, surveillance",event
"Jordan looked up, and for a fleeting heartbeat, their eyes locked with Taylor's, a wordless clash of wills softening into an uneasy truce.","acknowledgment, connection, truce, confrontation, resolution",event
Taylor looped back to the group.,"returning, rejoining, movement, navigation, reunion",event
They needed to secure positions.,"securing, positioning, defense, strategy, occupation",event
Alex responded and gripped his rifle.,"military response, defense, readiness, combat, alertness",event
Taylor Cruz interjected sharply.,"interruption, confrontation, assertion, objection, retort",event
They felt reluctance to accept other possibilities.,"resistance, stubbornness, closed-mindedness, refusal, inflexibility",event
"Agent Alex Mercer watched, admiration blooming in silent solidarity for Jordan's deft touch and unspoken drive.","admiration, observation, solidarity, appreciation, recognition",event
"For Alex Mercer, the link with Sam Rivera, though distant, was now poised with a mutuality ready to be tested, for Taylor Cruz, the initiative pulsed like a heartbeat, anticipation thinly veiled behind a mask of duty.","anticipation, duty, testing, connection, tension",event
The panel appeared out of place to the trained eye.,"mismatch, anomaly, detection, inspection, expertise",event
Alex affirmed Sam's role as a guiding intellect.,"mentorship, validation, intellectual support, guidance, affirmation",event
Sam Rivera said they had combed through the last transmission logs.,"searching, investigation, review, analysis, examination",event
The team pressed onward with soft beeps of regular comms checks.,"communication, coordination, persistence, teamwork, monitoring",event
Alex caught Jordan's reflective gaze.,"eye contact, perception, attention, connection, recognition",event
Alex Mercer stood gazing at the concealed elevator.,"contemplation, anticipation, curiosity, examination, pause",event
Everyone began to collect their binders and prepare for departure.,"preparation, departure, conclusion, organization, transition",event
The group stepped off.,"departure, movement, journey, leaving, exit",event
Sam reacted first and declared 'I've got this.',"assertion, confidence, leadership, initiative, responsibility",event
They were stepping closer towards Operation: Dulce.,"approaching, advancing, mission, strategy, infiltration",event
Alex could respond.,"communication, reaction, ability, response, speech",event
Alex said protocol is paramount.,"protocol, rules, communication, order, hierarchy",event
Alex scanned the projectors with dulled eyes.,"boredom, disinterest, fatigue, scanning, work",event
'Could be fundamentally changed by this.',"transformation, alteration, impact, revolution, paradigm shift",event
Taylor Cruz spoke with an edge that demanded attention.,"assertiveness, confrontation, authority, emphasis, intensity",event
Every agent checked their gear.,"checking, preparation, inspection, readiness, verification",event
Taylor snorted dismissively.,"contempt, rejection, dismissal, mockery, annoyance",event
They shared a moment of understanding with Alex.,"empathy, connection, communication, mutual recognition, rapport",event
The compliance in his tone was unsettling to himself.,"compliance, self-awareness, discomfort, submission, introspection",event
Alex spoke about technology and intuition.,"discussion, insight, futurism, philosophy, discourse",event
Alex hesitated and weighed his words.,"hesitation, deliberation, indecision, reflection, caution",event
He straightened in his seat.,"posture adjustment, sitting up, alertness, correction, movement",event
The charged air between them spiked as Taylor Cruz’s brusque tones sliced through their reverie.,"confrontation, tension, interruption, conflict, verbal clash",event
"Their exchange was cut short by Taylor Cruz's abrupt arrival, his gait brimming with a robust confidence that veiled the sharp undercurrents of his striving nature.","interruption, arrival, confidence, ambition, confrontation",event
They have protocols for a reason.,"protocols, compliance, procedure, regulation, safety",event
The soft whir of an approaching drone cut through their muffled exchange.,"surveillance, interruption, intrusion, technology, alertness",event
Alex complimented Jordan's analytical edge.,"praise, recognition, flattery, validation, commendation",event
He scanned the projectors outlining their impending odyssey into Operation: Dulce.,"planning, preparation, mission, anticipation, strategy",event
Jordan Hayes called Mercer and Rivera to come see the panel.,"summoning, communication, gathering, invitation, notification",event
Jordan stilled.,"stillness, pause, stillness, immobility, silence",event
Taylor Cruz’s brusque tones sliced through their reverie.,"interruption, confrontation, irritation, harshness, disruption",event
He seemed dwarfed by the enormity of the sterile briefing room.,"overwhelmed, insignificance, intimidation, powerlessness, isolation",event
Alex Mercer arrived unexpectedly.,"arrival, surprise, visitation, appearance, unannounced",event
Sam Rivera made a half-jest about Martians.,"joking, humor, science fiction, teasing, wit",event
Jordan Hayes narrowed their eyes.,"showing displeasure, scrutinizing, suspicion, focusing, skepticism",event
Jordan remarked about the mission.,"communication, commentary, feedback, discussion, announcement",event
Alex Mercer felt like they were being pulled into someone else's game.,"manipulation, coercion, powerlessness, entrapment, deception",event
They saw the screens as windows into the challenge.,"perception, perspective, observation, interpretation, focus",event
He wouldn't surrender so easily to the forthcoming shadows.,"perseverance, defiance, resilience, struggle, resistance",event
Taylor Cruz said 'Speculation is counter-productive.',"stating, disagreement, commentary, assertion, criticism",event
We need to be ready for anything.',"preparedness, vigilance, anticipation, readiness, caution",event
Alex Mercer flickered a strained smile and thumbed his folder's corner.,"nervousness, discomfort, anxiety, tension, unease",event
Taylor Cruz set a brisk pace.,"walking, speed, movement, determination, exercise",event
Jordan Hayes paused at an innocuous looking panel.,"stopping, hesitation, inspection, pause, examination",event
Sam and Alex nodded in unison.,"agreement, acknowledgment, synchronization, consensus, affirmation",event
Alex,"person, character, examinee, candidate, student, name",entity
darkness,"state, condition, absence, concept, phenomenon",entity
device,"object, item, tool, technology, equipment",entity
shadows,"darkness, gloom, obscurity, shade, silhouette",entity
lab,"room, facility, workplace, environment, space",entity
anomaly,"deviation, irregularity, phenomenon, occurrence, event, pattern, signal, concept",entity
threat,"danger, risk, peril, menace, harm",entity
Mercer,"person, character, individual, name, human",entity
everyone,"person, individual, human, being, group, audience, participant, collective",entity
his tone,"tone, manner, quality, attitude, expression",entity
Jordan,"person, woman, man, individual, human, character, figure",entity
mission,"task, operation, objective, undertaking, assignment",entity
Jordan Hayes,"person, woman, actor, performer, panelist",entity
alien technology,"technology, innovation, knowledge, artifact, concept, mystery",entity
Taylor,"person, individual, woman, singer, celebrity, artist, performer",entity
person of science,"person, scientist, researcher, scholar, intellectual, professional",entity
table,"furniture, object, surface, equipment, workstation",entity
Taylor's steely gaze,"gaze, look, expression, gesture, signal",entity
threshold,"boundary, limit, point, edge, entrance, gateway, brink",entity
his folder's corner,"object, item, thing, possession, material, physicality",entity
Paranormal Military Squad's elite,"military, unit, team, squad, elite, personnel, force, organization",entity
handheld device,"device, gadget, technology, object, tool, equipment",entity
We,"pronoun, word, term, concept, language unit",entity
central hub,"location, place, point, center, facility, node",entity
patterns,"patterns, designs, repetitions, structures, motifs, anomalies, regularities",entity
comms system,"system, device, technology, apparatus, equipment, tool, mechanism",entity
circuitry,"technology, component, system, design, electronics",entity
tech,"technology, innovation, field, industry, knowledge, system",entity
cooling vents,"part, component, ventilation, opening, system, feature",entity
secrets,"information, knowledge, data, content, facts",entity
us,"pronoun, group, people, community, collective",entity
Sam,"person, character, investigator, technician, scientist",entity
group,"collection, set, category, assembly, cluster",entity
Taylor Cruz's voice,"voice, sound, quality, instrument, attribute, tone",entity
monitors,"device, equipment, hardware, tool, machine",entity
Agent Mercer,"person, agent, character, role, title, occupation",entity
airborne device,"device, object, machine, technology, equipment",entity
Agent Alex Mercer,"person, character, agent, operative, protagonist, role, figure",entity
sterile briefing room,"room, location, setting, place, space, facility",entity
Rivera,"person, character, participant, student, individual",entity
his,"word, pronoun, term, reference, possessive",entity
this,"thing, object, concept, entity, item, element",entity
crew,"people, team, group, workers, staff, members, personnel, organization",entity
agent,"person, individual, participant, actor, operative, professional, worker",entity
Sam Rivera,"person, character, agent, operative, individual, name",entity
intercepted comm signals from Dulce,"signal, data, intelligence, communication, message, information",entity
Taylor Cruz,"person, actor, character, performer, artist",entity
drone,"aircraft, machine, vehicle, technology, device",entity
knowledge,"information, understanding, awareness, wisdom, concept",entity
mission dynamics,"analysis, discipline, field, practice, profession, expertise",entity
words 'counter-productive',"words, phrase, expression, term, language, communication",entity
heart of the enigma,"center, core, mystery, puzzle, essence, enigma, place, location",entity
doors,"entrance, access, barrier, opening, gateway, portal, passage",entity
duty,"obligation, responsibility, task, commitment, role",entity
Dr. Jordan Hayes,"person, character, scientist, doctor, researcher, expert, professional, individual",entity
their interactions,"conversation, dialogue, relationship, connection, communication, exchange",entity
gadgetry,"devices, equipment, technology, tools, hardware, instruments, apparatus",entity
unknown,"unknown, entity, concept, idea, mystery, abstraction",entity
transmission logs,"document, record, data, file, log, information",entity
artifacts,"objects, items, relics, antiquities, discoveries, materials, evidence, clues",entity
Team,"group, squad, unit, force, organization",entity
species,"humanity, civilization, mankind, population, life form",entity
their destinies,"destiny, fate, future, outcome, fortune",entity
translucent component,"object, part, element, piece, material",entity
team,"group, unit, organization, collective, squad",entity
Operation: Dulce,"operation, mission, conspiracy, project, plan",entity
briefing room,"room, location, place, space, facility, area",entity
Agent Alex Mercer and Dr. Jordan Hayes,"characters, people, scientists, professionals, duo, pair",entity
Dulce base,"base, facility, location, place, site, installation, secret",entity
base,"location, place, facility, installation, organization, military",entity
machinery,"equipment, technology, system, mechanism, tool, invention",entity
They,"group, people, individuals, crowd, collective",entity
"Agent Alex Mercer, Dr. Jordan Hayes, Taylor Cruz, Sam Rivera","person, character, agent, individual, participant, human, operative",entity
binders,"object, item, tool, accessory, stationery",entity
their binders,"object, item, thing, possession, supply, equipment",entity
Dulce,"person, character, name, entity, individual, fictional figure",entity
respect,"admiration, esteem, regard, consideration, value",entity
comms checks,"communication, procedure, routine, protocol, check, activity",entity
mainframe room,"room, place, location, facility, server room, infrastructure",entity
projectors,"device, equipment, technology, tool, machine",entity
signal inconsistencies,"issue, problem, anomaly, discrepancy, concern",entity
trust,"concept, idea, belief, value, principle, quality, feeling",entity
lights,"light, illumination, brightness, signal, indication, element, phenomenon",entity
humanity,"human race, people, civilization, species, society",entity
crash site,"location, place, site, area, scene",entity
technology,"skill, proficiency, expertise, ability, aptitude, competence",entity
himself,"person, individual, self, identity, being",entity
Agent Cruz,"person, character, police officer, federal agent, law enforcement",entity
last transmission logs,"record, documentation, communication, information, data, evidence, history, artifact",entity
he,"person, male, human, individual, character, protagonist",entity
his seat,"furniture, location, place, position, object, area",entity
steel doors,"doors, security, barrier, protection, material, entry, defense",entity
gravity,"force, phenomenon, concept, principle, law, interaction",entity
tech personnel,"personnel, staff, employee, worker, professional, expert, specialist, role, occupation",entity
Hayes,"person, character, american, individual, man, professor, academic",entity
file,"document, record, data, information, artifact, item",entity
Cruz,"person, character, individual, scientist, researcher, visionary, leader",entity
folder,"object, container, storage, organization, item",entity
we,"pronoun, people, group, collective, humanity",entity
Alex Mercer,"person, character, protagonist, human, individual, survivor",entity
panel,"instrument, component, interface, device, display, control, part",entity
Paranormal Military Squad,"organization, group, team, unit, squad, military",entity
they,"pronoun, word, term, reference, language unit",entity
electronic anomalies,"event, occurrence, phenomenon, signal, disturbance, issue",entity
understands,"comprehend, grasp, know, perceive, realize",relation
demanded attention from,"claimed, required focus, needed notice, sought attention, commanded interest",relation
mentored,"guided, advised, trained, coached, tutored",relation
because,"due to, since, as, owing to, for the reason that",relation
detected,"discovered, found, identified, observed, noticed",relation
scanned,"examined, inspected, scrutinized, browsed, surveyed",relation
showed respect for,"admire, honor, esteem, revere, venerate",relation
involves,"includes, entails, incorporates, concerns, relates to",relation
is participated by,"has participant, involves, includes, features, engages",relation
interrupted,"discontinue, break, pause, suspend, halt",relation
thumbed,"manipulate, handle, touch, flip through, browse",relation
commands,"orders, directs, controls, governs, leads",relation
affirms compliance with,"confirms, agrees to, asserts adherence to, verifies conformity with",relation
reached understanding with,"agree with, come to terms, see eye to eye, settle on, concord",relation
analyzed,"examine, study, investigate, evaluate, break down",relation
after,"following, subsequent, later, next, ensuing",relation
descends into,"decline into, sink into, devolve into, fall into, deteriorate into",relation
as a result,"therefore, consequently, thus, hence, accordingly",relation
offered supportive nod to,"acknowledge, agree, show approval, encourage, affirm",relation
ordered,"arranged, sorted, sequenced, ranked, organized",relation
led,"directed, guided, headed, commanded, spearheaded",relation
questions,"query, interrogate, ask, inquire, challenge",relation
explained,"clarified, accounted for, interpreted, described, justified",relation
identified,"determine, recognize, establish identity, pinpoint, ascertain",relation
reprimanded,"scold, rebuke, criticize, chastise, admonish",relation
combed through,"search, examine, inspect, scour, sift through",relation
understood,"comprehend, grasp, realize, interpret, recognize",relation
entered,"come into, go into, access, arrive in, walk in",relation
at the same time,"synchronously, concurrently, simultaneous, together, meanwhile",relation
mentors,"advises, guides, coaches, trains, counsels",relation
confides in,"trusts, shares secrets with, opens up to, relies on, discloses to",relation
directed,"steer, aim, guide, point, manage",relation
discussed implications with,"consult, talk about, converse with, debate, deliberate",relation
formed resolve within,"determine, decide, settle on, make up one's mind, reach a decision",relation
analyzes,"examine, study, evaluate, assess, investigate",relation
supports,"upholds, advocates for, backs, bolsters, champions",relation
examined,"inspect, analyze, study, check, scrutinize",relation
admired,"esteemed, revered, respected, held in high regard, looked up to",relation
contained,"include, hold, comprise, enclose, incorporate",relation
mentions,"refers to, cites, brings up, alludes to, touches on",relation
dismisses,"fires, sacks, lets go, discharges, terminates",relation
interfered with,"hinder, impede, disrupt, obstruct, meddle with",relation
scans,"examine, inspect, look over, survey, check",relation
decrypts,"decipher, decode, unscramble, crack, translate",relation
participated in,"join, take part, engage, attend, be involved",relation
before,"precede, prior to, earlier than, ahead of, preceding",relation
affirmed compliance to,"agree to, consent to, adhere to, obey, follow",relation
watched,"observe, view, monitor, look at, witness",relation
convenes,"assembles, gathers, summons, calls together, meets",relation
