Name,Type
technology,Entity
machinery,Entity
his seat,Entity
secrets,Entity
device,Entity
airborne device,Entity
Team,Entity
person of science,Entity
Operation: Dulce,Entity
transmission logs,Entity
folder,Entity
mission,Entity
Taylor Cruz,Entity
doors,Entity
Sam Rivera,Entity
Paranormal Military Squad,Entity
Agent Mercer,Entity
duty,Entity
knowledge,Entity
their interactions,Entity
agent,Entity
They,Entity
his tone,Entity
Mercer,Entity
translucent component,Entity
binders,Entity
Dr. Jordan Hayes,Entity
shadows,Entity
respect,Entity
mainframe room,Entity
Alex,Entity
briefing room,Entity
heart of the enigma,Entity
Cruz,Entity
threat,Entity
Agent Alex Mercer,Entity
comms checks,Entity
circuitry,Entity
sterile briefing room,Entity
threshold,Entity
crew,Entity
us,Entity
comms system,Entity
base,Entity
group,Entity
Taylor Cruz's voice,Entity
his,Entity
himself,Entity
handheld device,Entity
patterns,Entity
lights,Entity
Taylor's steely gaze,Entity
tech,Entity
Agent Cruz,Entity
darkness,Entity
artifacts,Entity
We,Entity
humanity,Entity
gravity,Entity
Dulce,Entity
unknown,Entity
words 'counter-productive',Entity
Paranormal Military Squad's elite,Entity
last transmission logs,Entity
signal inconsistencies,Entity
file,Entity
anomaly,Entity
crash site,Entity
Rivera,Entity
Sam,Entity
tech personnel,Entity
this,Entity
Agent Alex Mercer and Dr. Jordan Hayes,Entity
trust,Entity
species,Entity
intercepted comm signals from Dulce,Entity
alien technology,Entity
gadgetry,Entity
panel,Entity
everyone,Entity
his folder's corner,Entity
steel doors,Entity
we,Entity
Jordan Hayes,Entity
their binders,Entity
he,Entity
table,Entity
"Agent Alex Mercer, Dr. Jordan Hayes, Taylor Cruz, Sam Rivera",Entity
cooling vents,Entity
mission dynamics,Entity
electronic anomalies,Entity
Hayes,Entity
Taylor,Entity
lab,Entity
drone,Entity
team,Entity
Alex Mercer,Entity
Jordan,Entity
they,Entity
Dulce base,Entity
their destinies,Entity
central hub,Entity
monitors,Entity
projectors,Entity
The elevator came to a halt.,Event
The weight of the metal door closing reverberated.,Event
The team advanced into the depths of Dulce.,Event
The doors to the mainframe room stood ajar.,Event
"A comfortable silence lingered briefly before Sam Rivera added, 'I've combed through the last transmission logs.'",Event
Sam felt more than just tech personnel.,Event
'Could be fundamentally changed by this.',Event
"Keen eyes will keep us ahead—or at least not blindsided,' he said, affirming the belief that inscribed Sam's role as more than the tech personnel—he was to be a guiding intellect in the heart of uncertainty.",Event
"Amidst the sterility of the briefing room, the liminal space between the facts laid out and the hidden truths, sat Sam Rivera, his demeanor an artful balance of focus and a casual disguise of his razor-sharp talent with technology.",Event
He seemed dwarfed by the enormity of the sterile briefing room.,Event
Alex gave an inward nod.,Event
He gripped his rifle with a newfound firmness.,Event
Sam Rivera piped in with a joke.,Event
Sam reacted first and declared 'I've got this.',Event
"Yet, beneath the veneer of duty, the enticement of the vast unknown pulled them inexorably together, coalescing their distinct desires into a shared pulse of anticipation.",Event
"Taylor Cruz snorted dismissively and said 'Focus, people. We have protocols for a reason.'",Event
"Alex Mercer straightened in his seat and said 'I agree, Agent Cruz. Protocol is paramount.'",Event
"For a person of science, a gamble was worth the potential paradigm shift.",Event
Agent Alex Mercer seemed dwarfed by the enormity of the sterile briefing room.,Event
The doors closed and they descended.,Event
Alex caught Jordan's gaze and leaned in.,Event
Jordan realigned a translucent component.,Event
"'I’ve been thinking,' Alex started, his eyes still fixed on the immediately tangible mystery before them.",Event
The group converged upon a central hub where the imposing doors to the mainframe room stood ajar.,Event
Taylor Cruz announced it's time to gear up.,Event
They filed out of the briefing room.,Event
"The device emitted a low pulse, causing Jordan to still.",Event
Sam mirrored thought about intuition.,Event
Sam Rivera said they had combed through the last transmission logs.,Event
Alex's eyes brightened with a subtle approval that crossed the distance like a silent nod.,Event
Alex complimented Jordan's analytical edge.,Event
The words 'counter-productive' hung in the air.,Event
For all of us.',Event
A calculated risk—that's what this was.,Event
Jordan Hayes said details are imperative.,Event
Jordan Hayes approached Mercer.,Event
Jordan explained their reasoning as Sam approached.,Event
Their eyes locked with Alex's.,Event
"There was a respect in Alex's tone, though a respectful distance remained—a gulf of experience and a hint of protective mentorship that stood between them.",Event
Jordan explained the panel was a recent addition.,Event
"Agents Alex Mercer, Jordan Hayes, Taylor Cruz, and Sam Rivera proceeded.",Event
Sam Rivera was surprised by the unexpected arrival.,Event
"It was a small transformation, barely perceptible, but one that Alex noted with an inward nod.",Event
They needed to secure positions.,Event
Sam's fingers flew over the controls of their own gadgetry to ward off the threat.,Event
Alex straightened in his seat.,Event
Every agent checked their gear.,Event
They saw the screens as windows into the challenge.,Event
Sam's tech-savvy mind was steps ahead.,Event
Alex spoke about technology and intuition.,Event
Alex Mercer said 'Let's proceed.',Event
Taylor Cruz ordered a systems check.,Event
The team converged upon a central hub.,Event
Cruz reacted and ordered a systems check.,Event
Cruz's voice trailed off as the small airborne device came into view.,Event
He said 'Let's proceed.',Event
Sam craned their neck upwards.,Event
Jordan said 'This panel is a recent addition — covering something they didn't want found.',Event
"They filed out of the briefing room, their footsteps synchronized, a rhythm that spoke volumes of the unknown cadence they would soon march to within the base's veins.",Event
"Dulce waits for no one,' Taylor announced, his voice carrying an iron resolve that knew the costs of hesitation—though whether the cost was calculated in human or career terms was an ambiguity he wore like a badge of honor.",Event
Alex met Taylor's steely gaze.,Event
Sam Rivera sat alone in a cramped office.,Event
Taylor had looped back upon hearing the commotion.,Event
"Jordan glanced up, meeting his eyes just long enough to convey the shared enormity of their situation, the career-defining glory and existential dread entwined.",Event
Jordan Hayes narrowed their eyes but offered a supportive nod.,Event
Taylor Cruz ordered comms checks every thirty seconds.,Event
The base was alive in a way they hadn't fully anticipated.,Event
Alex Mercer spoke in compliance with Taylor Cruz.,Event
Taylor looped back to the group.,Event
A shudder ran through the elevator.,Event
Jordan Hayes remarked on the mission's nature.,Event
Sam Rivera added that Alex and Jordan could make sense of the anomalies.,Event
"Jordan said 'Details are imperative. We’ll need your clear-headedness down there, Mercer.'",Event
They shared a cautious glance.,Event
"Taylor Cruz's voice, laced with an edge that demanded attention, said 'I assume, Agent Mercer, you’re not having second thoughts?'",Event
Alex joined Jordan's side to examine the panel.,Event
They had all been brought here by different paths and for different reasons.,Event
They refocused their efforts.,Event
Agent Alex Mercer seemed dwarfed by the enormity of the sterile briefing room where Paranormal Military Squad's elite convened.,Event
Their fingers paused over the keyboard as they leaned back in the chair.,Event
He wanted to compliment Jordan's analytical edge.,Event
Alex could respond.,Event
Their shared silence held a newfound understanding.,Event
Alex turned and replied about being pawns.,Event
The crew exhaled in a moment of collective relief.,Event
"He said 'Of course not, Agent Cruz. Just trying to soak in all the details.'",Event
Every agent held a renewed sense of wariness.,Event
Taylor Cruz stepped firmly into the role of de facto leader and set a brisk pace.,Event
Taylor Cruz said 'Speculation is counter-productive.',Event
Sam Rivera made a half-jest about Martians.,Event
Jordan expressed feeling since the briefing.,Event
Alex responded and gripped his rifle.,Event
Sam felt the weight of expectation pressing upon his shoulders.,Event
The charged air between them spiked as Taylor Cruz’s brusque tones sliced through their reverie.,Event
Alex's link with Sam was poised with mutuality.,Event
Sam's voice crackled with a joke.,Event
Darkness uncovered steel doors with warnings that spoke of top secrets and mortal dangers.,Event
Jordan thought a gamble was worth the potential paradigm shift.,Event
"'If I'm right, what we're looking at isn't random—it's a structured anomaly.",Event
They shared a moment of understanding with Alex.,Event
Jordan gave a short nod.,Event
Taylor snorted dismissively.,Event
"A quiet resolve took form within Alex, galvanized by the groundwork laid by their interactions.",Event
The icy chasm of hierarchy seemed to bridge over with understanding.,Event
"'Hayes, Mercer, this isn't philosophy hour.",Event
Jordan Hayes agreed and mentioned the lack of choice.,Event
Dr. Jordan Hayes mused over layers of data.,Event
"Jordan returned their gaze to the device, while Alex clenched his jaw.",Event
They were stepping closer towards Operation: Dulce.,Event
Sam offered a murmured 'Copy that' while fiddling with a handheld device.,Event
The elevator shuddered.,Event
"They paused beside Jordan and, for a moment, observed the device with something akin to reverence.",Event
"With a sound of restrained acknowledgment, Jordan returned their gaze to the device, while Alex clenched his jaw, the buzz of frustration dull against the backdrop of Taylor's authoritarian certainty.",Event
Sam and Alex nodded in unison.,Event
Sam Rivera piped in with a tone of balanced levity.,Event
Alex Mercer hesitated and weighed his words.,Event
Jordan thanked Alex.,Event
"'If this tech can be understood...' Taylor said, their voice quieter, 'It could change the game for us.",Event
Taylor Cruz spoke with an edge that demanded attention.,Event
"With dulled eyes, he scanned the projectors outlining their impending odyssey into Operation: Dulce.",Event
They knew the mission required clear-headedness.,Event
They knew well enough the struggle of aligning personal convictions with overarching missions.,Event
The drone drifted away and retreated into the shadows.,Event
Alex Mercer gripped his rifle with a newfound firmness.,Event
They fortified their resolve and stepped through the threshold.,Event
Taylor Cruz’s brusque tones sliced through their reverie.,Event
Jordan Hayes called Mercer and Rivera to come see the panel.,Event
Alex said he was just trying to soak in all the details.,Event
Alex felt the weight of his compliance conflicting with his natural inclination.,Event
Alex joined Jordan's side and examined the panel.,Event
"Taylor said, 'If this tech can be understood... It could change the game for us.'",Event
The doors closed with a silent hiss.,Event
Sam said always and swiveled to face Alex.,Event
Sam offered a murmured 'Copy that'.,Event
Alex Mercer lingered in thought.,Event
'Your take on these signal inconsistencies?',Event
Alex said protocol is paramount.,Event
Taylor Cruz's voice laced with an edge demanded attention.,Event
Jordan looked up and locked eyes with Taylor.,Event
They felt reluctance to accept other possibilities.,Event
Jordan only allowed the faintest furrow of concentration to mar their brow.,Event
"In the midst of the descent, they were each alone yet irrevocably joined, stepping closer towards the volatile embrace of Operation: Dulce.",Event
Alex started speaking about what's at stake for humanity.,Event
"Taylor said 'Focus, people. We have protocols for a reason. Speculation is counter-productive.'",Event
"Not the mission parameters, but what this means for us—humanity.'",Event
Alex turned to leave.,Event
Alex Mercer stood gazing at the concealed elevator.,Event
"The words 'counter-productive' seemed to hang in the air, a tacit reprimand directed at Alex.",Event
"Jordan glanced up, meeting his eyes.",Event
The team pressed onward with soft beeps of regular comms checks.,Event
Alex caught Jordan's reflective gaze.,Event
They moved deeper into the heart of the enigma.,Event
They descended into the darkness together.,Event
"Dr. Jordan Hayes hovered over a table arrayed with alien technology, their fingers delicately probing the enigmatic circuitry retrieved from the crash site.",Event
They congregated at the elevator.,Event
The crackle of the comms system cut through the lab’s tension.,Event
Sam Rivera sat with a demeanor of focus and casual disguise.,Event
Their destinies were forever cemented to the legacy of Operation: Dulce.,Event
Sam Rivera added 'I’ve combed through the last transmission logs.',Event
Taylor heard the commotion.,Event
The thrumming of monitors cast a stark contrast to the rigid silence enveloping the group.,Event
The team chuckled.,Event
"Marshaled back to the moment by the blink of lights and whir of machinery, they refocused their efforts, each movement sharpened by the knowledge that beyond understanding the unearthly artifacts, they might be piecing together the future of their species.",Event
Sam regarded Alex for a moment.,Event
The device emitted a low pulse.,Event
Alex asked Sam for his take on signal inconsistencies.,Event
"The cooling vents hummed in a monotonous drone, but it was the crackle of the comms system coming to life that cut through the lab’s tension.",Event
Everyone began to collect their binders and prepare for departure.,Event
Alex Mercer expressed concern about the silence from Dulce.,Event
Sam Rivera's eyes drifted back to the screens.,Event
They fanned out into the unknown.,Event
Cruz squared their shoulders and directed 'Move out.',Event
Alex affirmed Sam's role as a guiding intellect.,Event
Alex hesitated and weighed his words.,Event
Their footsteps synchronized.,Event
Taylor Cruz set a brisk pace.,Event
Alex noted the small transformation between Jordan and Taylor.,Event
"'You've been quiet, Sam,' Alex noted, catching the younger man's contemplative gaze.",Event
Jordan Hayes offered a supportive nod.,Event
Sam admitted the patterns are off.,Event
Alex's shadow loomed over Sam's workspace.,Event
Sam reacted to the drone.,Event
The group stepped off.,Event
The drone lingered and its scan seemed more curious than hostile.,Event
He wouldn't surrender so easily to the forthcoming shadows.,Event
Taylor warned that they couldn't afford to attract attention.,Event
"As Sam and Alex nodded in unison, the icy chasm of hierarchy and cryptic protocols seemed momentarily to bridge over with an understanding—this mission was convergence, a nexus point that would challenge each of their motives and strength.",Event
Dr. Jordan Hayes felt reluctance to accept other possibilities.,Event
Jordan Hayes approached him.,Event
Dr. Jordan Hayes mused over the layers of data.,Event
The team advanced into Dulce base.,Event
The Paranormal Military Squad's elite convened in the room.,Event
Taylor Cruz asked if Agent Mercer was having second thoughts.,Event
"Agent Alex Mercer watched, admiration blooming in silent solidarity.",Event
"For Alex Mercer, the link with Sam Rivera, though distant, was now poised with a mutuality ready to be tested, for Taylor Cruz, the initiative pulsed like a heartbeat, anticipation thinly veiled behind a mask of duty.",Event
Alex leaned in and spoke to Jordan.,Event
Sam's eyes drifted back to the screens.,Event
The thick metal door closed behind them.,Event
Alex Mercer flickered a strained smile and thumbed his folder's corner.,Event
"Alex straightened in his seat and said 'I agree, Agent Cruz. Protocol is paramount,' meeting Taylor's steely gaze.",Event
Taylor paused beside Jordan and observed the device with reverence.,Event
Alex flickered a strained smile.,Event
An approaching drone cut through their muffled exchange.,Event
"Jordan said 'Thank you, Alex.'",Event
Jordan stilled.,Event
Alex's eyes brightened with subtle approval.,Event
They have protocols for a reason.,Event
"'The patterns are... off,' Sam admitted, hesitant but driven.",Event
"Their exchange was cut short by Taylor Cruz's abrupt arrival, his gait brimming with a robust confidence that veiled the sharp undercurrents of his striving nature.",Event
Sam used their gadgetry to interfere with the drone.,Event
"Across from him, Alex Mercer lingered in thought, the mental cogs turning as each file on Dulce stirred more than curiosity—it beckoned to a past both honored and burdensome.",Event
Alex Mercer's determination had merely taken a subtler form.,Event
Dr. Jordan Hayes hovered over a table arrayed with alien technology.,Event
He felt the weight of his compliance conflicting with his natural inclination.,Event
Taylor said speculation is counter-productive.,Event
He straightened in his seat.,Event
The drone drifted away.,Event
"Taylor ordered 'Eyes sharp, people. Comms check, every thirty seconds.'",Event
"Jordan said 'Mercer, Rivera, come see this.'",Event
Alex asked if Sam had a minute.,Event
"It was this competitive undercurrent that kept him alert, the sense that his and Jordan's shared commitment to discovery was an unspoken rebellion against Cruz's narrowing vision of control and order.",Event
Alex scanned the projectors with dulled eyes.,Event
Jordan Hayes narrowed their eyes.,Event
"Alex flickered a strained smile, still thumbing his folder's corner.",Event
"Sam Rivera added 'I’ve combed through the last transmission logs. If anyone can make sense of the anomalies, it’s going to be the two of you.'",Event
Jordan Hayes approached Alex Mercer.,Event
"'What we understand about physics...' they muttered, trailing off as they realigned a translucent component.",Event
He was concerned about the silence from Dulce.,Event
"Sam nodded, recognizing the space afforded to him, and he couldn't help but feel the weight of expectation pressing upon his shoulders.",Event
Alex Mercer asked Sam Rivera for a minute.,Event
Cruz told Rivera to keep that trick handy.,Event
Sam Rivera said Alex and Jordan could make sense of the anomalies.,Event
They stepped into the elevator.,Event
Their torch beams sliced through the air.,Event
Jordan Hayes paused at an innocuous looking panel.,Event
A wordless clash of wills softened into an uneasy truce.,Event
Taylor Cruz interjected sharply.,Event
Agent Alex Mercer scanned the projectors outlining their impending odyssey into Operation: Dulce.,Event
The crew exhaled with relief.,Event
There was a vibration from the walls.,Event
"The elevator came to a halting, eerie calm.",Event
They laughed.,Event
Alex noted Sam's contemplative gaze.,Event
Alex Mercer felt like they were being pulled into someone else's game.,Event
The compliance in his tone was unsettling to himself.,Event
Cruz directed the team to move out.,Event
Their laughter served as a brief respite.,Event
The panel appeared out of place to the trained eye.,Event
Jordan tilted their head slightly.,Event
The team pressed onward.,Event
Jordan considered the potential paradigm shift from understanding the device.,Event
The soft whir of an approaching drone cut through their muffled exchange.,Event
They conveyed the shared enormity of their situation.,Event
Sam said what they're looking at is a structured anomaly.,Event
"Cruz said 'And Rivera, keep that trick handy.'",Event
Sam Rivera reflected on the limits of numbers.,Event
They chuckled.,Event
Then Taylor did something unexpected.,Event
"We need actionable intel, not daydreams.'",Event
He scanned the projectors outlining their impending odyssey into Operation: Dulce.,Event
Jordan remarked about the mission.,Event
They knew they might be piecing together the future of their species.,Event
"The underlying dismissal earlier seemed to falter, replaced by a glimpse of reluctant respect for the gravity of what lay in their hands.",Event
"Jordan looked up, and for a fleeting heartbeat, their eyes locked with Taylor's, a wordless clash of wills softening into an uneasy truce.",Event
We're standing on the precipice of knowledge that could either elevate us or condemn us.',Event
"It wasn't just the mission that was immense, it was the trust being placed in him.",Event
We need to be ready for anything.',Event
"Jordan tilted their head ever so slightly, their eyes revealing a spark of understanding.",Event
Alex Mercer responded with a steadier voice.,Event
"Agent Alex Mercer watched, admiration blooming in silent solidarity for Jordan's deft touch and unspoken drive.",Event
The drone came into view with sensors locked onto the group.,Event
They stood in a tight pack.,Event
Sam Rivera agreed to talk.,Event
Their eyes danced across lines of code and intercepted comm signals.,Event
Jordan's eyes revealed a spark of understanding.,Event
Alex Mercer arrived unexpectedly.,Event
A quiet resolve took form within Alex.,Event
"The compliance in his tone was unsettling, even to himself.",Event
affirmed compliance to,Relation
demanded attention from,Relation
led,Relation
interfered with,Relation
explained,Relation
contained,Relation
ordered,Relation
identified,Relation
before,Relation
combed through,Relation
reached understanding with,Relation
analyzed,Relation
commands,Relation
decrypts,Relation
is participated by,Relation
interrupted,Relation
participated in,Relation
convenes,Relation
because,Relation
as a result,Relation
entered,Relation
reprimanded,Relation
examined,Relation
mentors,Relation
understood,Relation
after,Relation
scans,Relation
dismisses,Relation
involves,Relation
admired,Relation
supports,Relation
confides in,Relation
affirms compliance with,Relation
directed,Relation
discussed implications with,Relation
detected,Relation
descends into,Relation
understands,Relation
formed resolve within,Relation
at the same time,Relation
thumbed,Relation
mentions,Relation
analyzes,Relation
showed respect for,Relation
mentored,Relation
scanned,Relation
offered supportive nod to,Relation
watched,Relation
questions,Relation
