:START_ID,:END_ID,:TYPE
Agent Alex Mercer,bef2add5a6e16f6f579afec607145bce2197a8339eb7052557fecdfb4dee4d62,Source
projectors,bef2add5a6e16f6f579afec607145bce2197a8339eb7052557fecdfb4dee4d62,Source
folder,bef2add5a6e16f6f579afec607145bce2197a8339eb7052557fecdfb4dee4d62,Source
Taylor Cruz,bef2add5a6e16f6f579afec607145bce2197a8339eb7052557fecdfb4dee4d62,Source
Jordan Hayes,bef2add5a6e16f6f579afec607145bce2197a8339eb7052557fecdfb4dee4d62,Source
Sam Rivera,bef2add5a6e16f6f579afec607145bce2197a8339eb7052557fecdfb4dee4d62,Source
transmission logs,bef2add5a6e16f6f579afec607145bce2197a8339eb7052557fecdfb4dee4d62,Source
himself,bef2add5a6e16f6f579afec607145bce2197a8339eb7052557fecdfb4dee4d62,Source
The thrumming of monitors cast a stark contrast to the rigid silence enveloping the group.,bef2add5a6e16f6f579afec607145bce2197a8339eb7052557fecdfb4dee4d62,Source
Agent Alex Mercer seemed dwarfed by the enormity of the sterile briefing room.,bef2add5a6e16f6f579afec607145bce2197a8339eb7052557fecdfb4dee4d62,Source
He scanned the projectors outlining their impending odyssey into Operation: Dulce.,bef2add5a6e16f6f579afec607145bce2197a8339eb7052557fecdfb4dee4d62,Source
Taylor Cruz spoke with an edge that demanded attention.,bef2add5a6e16f6f579afec607145bce2197a8339eb7052557fecdfb4dee4d62,Source
Alex Mercer flickered a strained smile and thumbed his folder's corner.,bef2add5a6e16f6f579afec607145bce2197a8339eb7052557fecdfb4dee4d62,Source
"He said 'Of course not, Agent Cruz. Just trying to soak in all the details.'",bef2add5a6e16f6f579afec607145bce2197a8339eb7052557fecdfb4dee4d62,Source
Jordan Hayes narrowed their eyes but offered a supportive nod.,bef2add5a6e16f6f579afec607145bce2197a8339eb7052557fecdfb4dee4d62,Source
They knew well enough the struggle of aligning personal convictions with overarching missions.,bef2add5a6e16f6f579afec607145bce2197a8339eb7052557fecdfb4dee4d62,Source
Sam Rivera added 'I’ve combed through the last transmission logs.',bef2add5a6e16f6f579afec607145bce2197a8339eb7052557fecdfb4dee4d62,Source
"Taylor Cruz snorted dismissively and said 'Focus, people. We have protocols for a reason.'",bef2add5a6e16f6f579afec607145bce2197a8339eb7052557fecdfb4dee4d62,Source
Taylor Cruz said 'Speculation is counter-productive.',bef2add5a6e16f6f579afec607145bce2197a8339eb7052557fecdfb4dee4d62,Source
"Alex Mercer straightened in his seat and said 'I agree, Agent Cruz. Protocol is paramount.'",bef2add5a6e16f6f579afec607145bce2197a8339eb7052557fecdfb4dee4d62,Source
Alex Mercer spoke in compliance with Taylor Cruz.,bef2add5a6e16f6f579afec607145bce2197a8339eb7052557fecdfb4dee4d62,Source
"A quiet resolve took form within Alex, galvanized by the groundwork laid by their interactions.",bef2add5a6e16f6f579afec607145bce2197a8339eb7052557fecdfb4dee4d62,Source
Everyone began to collect their binders and prepare for departure.,bef2add5a6e16f6f579afec607145bce2197a8339eb7052557fecdfb4dee4d62,Source
Alex Mercer's determination had merely taken a subtler form.,bef2add5a6e16f6f579afec607145bce2197a8339eb7052557fecdfb4dee4d62,Source
He wouldn't surrender so easily to the forthcoming shadows.,bef2add5a6e16f6f579afec607145bce2197a8339eb7052557fecdfb4dee4d62,Source
monitors,bef2add5a6e16f6f579afec607145bce2197a8339eb7052557fecdfb4dee4d62,Source
group,bef2add5a6e16f6f579afec607145bce2197a8339eb7052557fecdfb4dee4d62,Source
Agent Alex Mercer seemed dwarfed by the enormity of the sterile briefing room where Paranormal Military Squad's elite convened.,bef2add5a6e16f6f579afec607145bce2197a8339eb7052557fecdfb4dee4d62,Source
sterile briefing room,bef2add5a6e16f6f579afec607145bce2197a8339eb7052557fecdfb4dee4d62,Source
Paranormal Military Squad's elite,bef2add5a6e16f6f579afec607145bce2197a8339eb7052557fecdfb4dee4d62,Source
Operation: Dulce,bef2add5a6e16f6f579afec607145bce2197a8339eb7052557fecdfb4dee4d62,Source
"Taylor Cruz's voice, laced with an edge that demanded attention, said 'I assume, Agent Mercer, you’re not having second thoughts?'",bef2add5a6e16f6f579afec607145bce2197a8339eb7052557fecdfb4dee4d62,Source
Agent Mercer,bef2add5a6e16f6f579afec607145bce2197a8339eb7052557fecdfb4dee4d62,Source
"Alex flickered a strained smile, still thumbing his folder's corner.",bef2add5a6e16f6f579afec607145bce2197a8339eb7052557fecdfb4dee4d62,Source
Alex,bef2add5a6e16f6f579afec607145bce2197a8339eb7052557fecdfb4dee4d62,Source
Agent Cruz,bef2add5a6e16f6f579afec607145bce2197a8339eb7052557fecdfb4dee4d62,Source
"Jordan said 'Details are imperative. We’ll need your clear-headedness down there, Mercer.'",bef2add5a6e16f6f579afec607145bce2197a8339eb7052557fecdfb4dee4d62,Source
Jordan,bef2add5a6e16f6f579afec607145bce2197a8339eb7052557fecdfb4dee4d62,Source
Mercer,bef2add5a6e16f6f579afec607145bce2197a8339eb7052557fecdfb4dee4d62,Source
"Sam Rivera added 'I’ve combed through the last transmission logs. If anyone can make sense of the anomalies, it’s going to be the two of you.'",bef2add5a6e16f6f579afec607145bce2197a8339eb7052557fecdfb4dee4d62,Source
Taylor snorted dismissively.,bef2add5a6e16f6f579afec607145bce2197a8339eb7052557fecdfb4dee4d62,Source
Taylor,bef2add5a6e16f6f579afec607145bce2197a8339eb7052557fecdfb4dee4d62,Source
"Taylor said 'Focus, people. We have protocols for a reason. Speculation is counter-productive.'",bef2add5a6e16f6f579afec607145bce2197a8339eb7052557fecdfb4dee4d62,Source
"Alex straightened in his seat and said 'I agree, Agent Cruz. Protocol is paramount,' meeting Taylor's steely gaze.",bef2add5a6e16f6f579afec607145bce2197a8339eb7052557fecdfb4dee4d62,Source
"Jordan tilted their head ever so slightly, their eyes revealing a spark of understanding.",bef2add5a6e16f6f579afec607145bce2197a8339eb7052557fecdfb4dee4d62,Source
everyone,bef2add5a6e16f6f579afec607145bce2197a8339eb7052557fecdfb4dee4d62,Source
binders,bef2add5a6e16f6f579afec607145bce2197a8339eb7052557fecdfb4dee4d62,Source
Paranormal Military Squad,bef2add5a6e16f6f579afec607145bce2197a8339eb7052557fecdfb4dee4d62,Source
briefing room,bef2add5a6e16f6f579afec607145bce2197a8339eb7052557fecdfb4dee4d62,Source
last transmission logs,bef2add5a6e16f6f579afec607145bce2197a8339eb7052557fecdfb4dee4d62,Source
The Paranormal Military Squad's elite convened in the room.,bef2add5a6e16f6f579afec607145bce2197a8339eb7052557fecdfb4dee4d62,Source
Agent Alex Mercer scanned the projectors outlining their impending odyssey into Operation: Dulce.,bef2add5a6e16f6f579afec607145bce2197a8339eb7052557fecdfb4dee4d62,Source
He seemed dwarfed by the enormity of the sterile briefing room.,bef2add5a6e16f6f579afec607145bce2197a8339eb7052557fecdfb4dee4d62,Source
Taylor Cruz asked if Agent Mercer was having second thoughts.,bef2add5a6e16f6f579afec607145bce2197a8339eb7052557fecdfb4dee4d62,Source
Alex scanned the projectors with dulled eyes.,bef2add5a6e16f6f579afec607145bce2197a8339eb7052557fecdfb4dee4d62,Source
Alex flickered a strained smile.,bef2add5a6e16f6f579afec607145bce2197a8339eb7052557fecdfb4dee4d62,Source
Alex said he was just trying to soak in all the details.,bef2add5a6e16f6f579afec607145bce2197a8339eb7052557fecdfb4dee4d62,Source
The compliance in his tone was unsettling to himself.,bef2add5a6e16f6f579afec607145bce2197a8339eb7052557fecdfb4dee4d62,Source
Jordan Hayes narrowed their eyes.,bef2add5a6e16f6f579afec607145bce2197a8339eb7052557fecdfb4dee4d62,Source
Jordan Hayes offered a supportive nod.,bef2add5a6e16f6f579afec607145bce2197a8339eb7052557fecdfb4dee4d62,Source
Jordan Hayes said details are imperative.,bef2add5a6e16f6f579afec607145bce2197a8339eb7052557fecdfb4dee4d62,Source
They knew the mission required clear-headedness.,bef2add5a6e16f6f579afec607145bce2197a8339eb7052557fecdfb4dee4d62,Source
Sam Rivera said they had combed through the last transmission logs.,bef2add5a6e16f6f579afec607145bce2197a8339eb7052557fecdfb4dee4d62,Source
Sam Rivera added that Alex and Jordan could make sense of the anomalies.,bef2add5a6e16f6f579afec607145bce2197a8339eb7052557fecdfb4dee4d62,Source
Sam Rivera said Alex and Jordan could make sense of the anomalies.,bef2add5a6e16f6f579afec607145bce2197a8339eb7052557fecdfb4dee4d62,Source
Taylor said speculation is counter-productive.,bef2add5a6e16f6f579afec607145bce2197a8339eb7052557fecdfb4dee4d62,Source
They have protocols for a reason.,bef2add5a6e16f6f579afec607145bce2197a8339eb7052557fecdfb4dee4d62,Source
The words 'counter-productive' hung in the air.,bef2add5a6e16f6f579afec607145bce2197a8339eb7052557fecdfb4dee4d62,Source
Alex felt the weight of his compliance conflicting with his natural inclination.,bef2add5a6e16f6f579afec607145bce2197a8339eb7052557fecdfb4dee4d62,Source
Alex straightened in his seat.,bef2add5a6e16f6f579afec607145bce2197a8339eb7052557fecdfb4dee4d62,Source
He felt the weight of his compliance conflicting with his natural inclination.,bef2add5a6e16f6f579afec607145bce2197a8339eb7052557fecdfb4dee4d62,Source
Alex said protocol is paramount.,bef2add5a6e16f6f579afec607145bce2197a8339eb7052557fecdfb4dee4d62,Source
He straightened in his seat.,bef2add5a6e16f6f579afec607145bce2197a8339eb7052557fecdfb4dee4d62,Source
Alex met Taylor's steely gaze.,bef2add5a6e16f6f579afec607145bce2197a8339eb7052557fecdfb4dee4d62,Source
Jordan tilted their head slightly.,bef2add5a6e16f6f579afec607145bce2197a8339eb7052557fecdfb4dee4d62,Source
Jordan's eyes revealed a spark of understanding.,bef2add5a6e16f6f579afec607145bce2197a8339eb7052557fecdfb4dee4d62,Source
A quiet resolve took form within Alex.,bef2add5a6e16f6f579afec607145bce2197a8339eb7052557fecdfb4dee4d62,Source
"With dulled eyes, he scanned the projectors outlining their impending odyssey into Operation: Dulce.",bef2add5a6e16f6f579afec607145bce2197a8339eb7052557fecdfb4dee4d62,Source
he,bef2add5a6e16f6f579afec607145bce2197a8339eb7052557fecdfb4dee4d62,Source
Taylor Cruz's voice laced with an edge demanded attention.,bef2add5a6e16f6f579afec607145bce2197a8339eb7052557fecdfb4dee4d62,Source
Taylor Cruz's voice,bef2add5a6e16f6f579afec607145bce2197a8339eb7052557fecdfb4dee4d62,Source
his folder's corner,bef2add5a6e16f6f579afec607145bce2197a8339eb7052557fecdfb4dee4d62,Source
"The compliance in his tone was unsettling, even to himself.",bef2add5a6e16f6f579afec607145bce2197a8339eb7052557fecdfb4dee4d62,Source
his tone,bef2add5a6e16f6f579afec607145bce2197a8339eb7052557fecdfb4dee4d62,Source
"A comfortable silence lingered briefly before Sam Rivera added, 'I've combed through the last transmission logs.'",bef2add5a6e16f6f579afec607145bce2197a8339eb7052557fecdfb4dee4d62,Source
"The words 'counter-productive' seemed to hang in the air, a tacit reprimand directed at Alex.",bef2add5a6e16f6f579afec607145bce2197a8339eb7052557fecdfb4dee4d62,Source
words 'counter-productive',bef2add5a6e16f6f579afec607145bce2197a8339eb7052557fecdfb4dee4d62,Source
his seat,bef2add5a6e16f6f579afec607145bce2197a8339eb7052557fecdfb4dee4d62,Source
Taylor's steely gaze,bef2add5a6e16f6f579afec607145bce2197a8339eb7052557fecdfb4dee4d62,Source
their binders,bef2add5a6e16f6f579afec607145bce2197a8339eb7052557fecdfb4dee4d62,Source
their interactions,bef2add5a6e16f6f579afec607145bce2197a8339eb7052557fecdfb4dee4d62,Source
intercepted comm signals from Dulce,cc1c4d2123ab5542efbc42bd59c219ceb64480ed05becacccd791785621db456,Source
Alex Mercer,cc1c4d2123ab5542efbc42bd59c219ceb64480ed05becacccd791785621db456,Source
mission dynamics,cc1c4d2123ab5542efbc42bd59c219ceb64480ed05becacccd791785621db456,Source
team,cc1c4d2123ab5542efbc42bd59c219ceb64480ed05becacccd791785621db456,Source
Team,cc1c4d2123ab5542efbc42bd59c219ceb64480ed05becacccd791785621db456,Source
Dulce base,cc1c4d2123ab5542efbc42bd59c219ceb64480ed05becacccd791785621db456,Source
Sam Rivera sat alone in a cramped office.,cc1c4d2123ab5542efbc42bd59c219ceb64480ed05becacccd791785621db456,Source
Their fingers paused over the keyboard as they leaned back in the chair.,cc1c4d2123ab5542efbc42bd59c219ceb64480ed05becacccd791785621db456,Source
Alex Mercer arrived unexpectedly.,cc1c4d2123ab5542efbc42bd59c219ceb64480ed05becacccd791785621db456,Source
Sam Rivera was surprised by the unexpected arrival.,cc1c4d2123ab5542efbc42bd59c219ceb64480ed05becacccd791785621db456,Source
Alex Mercer asked Sam Rivera for a minute.,cc1c4d2123ab5542efbc42bd59c219ceb64480ed05becacccd791785621db456,Source
Sam Rivera agreed to talk.,cc1c4d2123ab5542efbc42bd59c219ceb64480ed05becacccd791785621db456,Source
Alex Mercer hesitated and weighed his words.,cc1c4d2123ab5542efbc42bd59c219ceb64480ed05becacccd791785621db456,Source
He was concerned about the silence from Dulce.,cc1c4d2123ab5542efbc42bd59c219ceb64480ed05becacccd791785621db456,Source
Alex Mercer expressed concern about the silence from Dulce.,cc1c4d2123ab5542efbc42bd59c219ceb64480ed05becacccd791785621db456,Source
Sam Rivera reflected on the limits of numbers.,cc1c4d2123ab5542efbc42bd59c219ceb64480ed05becacccd791785621db456,Source
They shared a moment of understanding with Alex.,cc1c4d2123ab5542efbc42bd59c219ceb64480ed05becacccd791785621db456,Source
Alex turned to leave.,cc1c4d2123ab5542efbc42bd59c219ceb64480ed05becacccd791785621db456,Source
Sam Rivera's eyes drifted back to the screens.,cc1c4d2123ab5542efbc42bd59c219ceb64480ed05becacccd791785621db456,Source
They saw the screens as windows into the challenge.,cc1c4d2123ab5542efbc42bd59c219ceb64480ed05becacccd791785621db456,Source
Alex Mercer stood gazing at the concealed elevator.,cc1c4d2123ab5542efbc42bd59c219ceb64480ed05becacccd791785621db456,Source
Jordan Hayes approached him.,cc1c4d2123ab5542efbc42bd59c219ceb64480ed05becacccd791785621db456,Source
Jordan Hayes approached Alex Mercer.,cc1c4d2123ab5542efbc42bd59c219ceb64480ed05becacccd791785621db456,Source
Jordan Hayes remarked on the mission's nature.,cc1c4d2123ab5542efbc42bd59c219ceb64480ed05becacccd791785621db456,Source
Alex Mercer felt like they were being pulled into someone else's game.,cc1c4d2123ab5542efbc42bd59c219ceb64480ed05becacccd791785621db456,Source
Jordan Hayes agreed and mentioned the lack of choice.,cc1c4d2123ab5542efbc42bd59c219ceb64480ed05becacccd791785621db456,Source
Taylor Cruz interjected sharply.,cc1c4d2123ab5542efbc42bd59c219ceb64480ed05becacccd791785621db456,Source
They needed to secure positions.,cc1c4d2123ab5542efbc42bd59c219ceb64480ed05becacccd791785621db456,Source
Alex Mercer responded with a steadier voice.,cc1c4d2123ab5542efbc42bd59c219ceb64480ed05becacccd791785621db456,Source
He gripped his rifle with a newfound firmness.,cc1c4d2123ab5542efbc42bd59c219ceb64480ed05becacccd791785621db456,Source
Alex Mercer gripped his rifle with a newfound firmness.,cc1c4d2123ab5542efbc42bd59c219ceb64480ed05becacccd791785621db456,Source
He said 'Let's proceed.',cc1c4d2123ab5542efbc42bd59c219ceb64480ed05becacccd791785621db456,Source
Alex Mercer said 'Let's proceed.',cc1c4d2123ab5542efbc42bd59c219ceb64480ed05becacccd791785621db456,Source
They congregated at the elevator.,cc1c4d2123ab5542efbc42bd59c219ceb64480ed05becacccd791785621db456,Source
Sam Rivera piped in with a tone of balanced levity.,cc1c4d2123ab5542efbc42bd59c219ceb64480ed05becacccd791785621db456,Source
Their laughter served as a brief respite.,cc1c4d2123ab5542efbc42bd59c219ceb64480ed05becacccd791785621db456,Source
They stepped into the elevator.,cc1c4d2123ab5542efbc42bd59c219ceb64480ed05becacccd791785621db456,Source
The doors closed with a silent hiss.,cc1c4d2123ab5542efbc42bd59c219ceb64480ed05becacccd791785621db456,Source
They descended into the darkness together.,cc1c4d2123ab5542efbc42bd59c219ceb64480ed05becacccd791785621db456,Source
Dr. Jordan Hayes mused over the layers of data.,cc1c4d2123ab5542efbc42bd59c219ceb64480ed05becacccd791785621db456,Source
They felt reluctance to accept other possibilities.,cc1c4d2123ab5542efbc42bd59c219ceb64480ed05becacccd791785621db456,Source
Dr. Jordan Hayes felt reluctance to accept other possibilities.,cc1c4d2123ab5542efbc42bd59c219ceb64480ed05becacccd791785621db456,Source
Alex caught Jordan's reflective gaze.,cc1c4d2123ab5542efbc42bd59c219ceb64480ed05becacccd791785621db456,Source
Alex leaned in and spoke to Jordan.,cc1c4d2123ab5542efbc42bd59c219ceb64480ed05becacccd791785621db456,Source
He wanted to compliment Jordan's analytical edge.,cc1c4d2123ab5542efbc42bd59c219ceb64480ed05becacccd791785621db456,Source
Alex complimented Jordan's analytical edge.,cc1c4d2123ab5542efbc42bd59c219ceb64480ed05becacccd791785621db456,Source
"Jordan said 'Thank you, Alex.'",cc1c4d2123ab5542efbc42bd59c219ceb64480ed05becacccd791785621db456,Source
The elevator shuddered.,cc1c4d2123ab5542efbc42bd59c219ceb64480ed05becacccd791785621db456,Source
There was a vibration from the walls.,cc1c4d2123ab5542efbc42bd59c219ceb64480ed05becacccd791785621db456,Source
Taylor Cruz ordered a systems check.,cc1c4d2123ab5542efbc42bd59c219ceb64480ed05becacccd791785621db456,Source
Every agent checked their gear.,cc1c4d2123ab5542efbc42bd59c219ceb64480ed05becacccd791785621db456,Source
Sam Rivera made a half-jest about Martians.,cc1c4d2123ab5542efbc42bd59c219ceb64480ed05becacccd791785621db456,Source
The team chuckled.,cc1c4d2123ab5542efbc42bd59c219ceb64480ed05becacccd791785621db456,Source
"The elevator came to a halting, eerie calm.",cc1c4d2123ab5542efbc42bd59c219ceb64480ed05becacccd791785621db456,Source
The group stepped off.,cc1c4d2123ab5542efbc42bd59c219ceb64480ed05becacccd791785621db456,Source
They stood in a tight pack.,cc1c4d2123ab5542efbc42bd59c219ceb64480ed05becacccd791785621db456,Source
They shared a cautious glance.,cc1c4d2123ab5542efbc42bd59c219ceb64480ed05becacccd791785621db456,Source
They fanned out into the unknown.,cc1c4d2123ab5542efbc42bd59c219ceb64480ed05becacccd791785621db456,Source
The thick metal door closed behind them.,cc1c4d2123ab5542efbc42bd59c219ceb64480ed05becacccd791785621db456,Source
The team advanced into Dulce base.,cc1c4d2123ab5542efbc42bd59c219ceb64480ed05becacccd791785621db456,Source
Their torch beams sliced through the air.,cc1c4d2123ab5542efbc42bd59c219ceb64480ed05becacccd791785621db456,Source
Their eyes danced across lines of code and intercepted comm signals.,cc1c4d2123ab5542efbc42bd59c219ceb64480ed05becacccd791785621db456,Source
Alex's shadow loomed over Sam's workspace.,cc1c4d2123ab5542efbc42bd59c219ceb64480ed05becacccd791785621db456,Source
Sam craned their neck upwards.,cc1c4d2123ab5542efbc42bd59c219ceb64480ed05becacccd791785621db456,Source
Alex asked if Sam had a minute.,cc1c4d2123ab5542efbc42bd59c219ceb64480ed05becacccd791785621db456,Source
Sam said always and swiveled to face Alex.,cc1c4d2123ab5542efbc42bd59c219ceb64480ed05becacccd791785621db456,Source
Alex hesitated and weighed his words.,cc1c4d2123ab5542efbc42bd59c219ceb64480ed05becacccd791785621db456,Source
Alex spoke about technology and intuition.,cc1c4d2123ab5542efbc42bd59c219ceb64480ed05becacccd791785621db456,Source
Sam regarded Alex for a moment.,cc1c4d2123ab5542efbc42bd59c219ceb64480ed05becacccd791785621db456,Source
Sam mirrored thought about intuition.,cc1c4d2123ab5542efbc42bd59c219ceb64480ed05becacccd791785621db456,Source
Their shared silence held a newfound understanding.,cc1c4d2123ab5542efbc42bd59c219ceb64480ed05becacccd791785621db456,Source
Sam's eyes drifted back to the screens.,cc1c4d2123ab5542efbc42bd59c219ceb64480ed05becacccd791785621db456,Source
Jordan Hayes approached Mercer.,cc1c4d2123ab5542efbc42bd59c219ceb64480ed05becacccd791785621db456,Source
Jordan remarked about the mission.,cc1c4d2123ab5542efbc42bd59c219ceb64480ed05becacccd791785621db456,Source
Alex turned and replied about being pawns.,cc1c4d2123ab5542efbc42bd59c219ceb64480ed05becacccd791785621db456,Source
Jordan gave a short nod.,cc1c4d2123ab5542efbc42bd59c219ceb64480ed05becacccd791785621db456,Source
Jordan expressed feeling since the briefing.,cc1c4d2123ab5542efbc42bd59c219ceb64480ed05becacccd791785621db456,Source
Their eyes locked with Alex's.,cc1c4d2123ab5542efbc42bd59c219ceb64480ed05becacccd791785621db456,Source
Alex responded and gripped his rifle.,cc1c4d2123ab5542efbc42bd59c219ceb64480ed05becacccd791785621db456,Source
Sam Rivera piped in with a joke.,cc1c4d2123ab5542efbc42bd59c219ceb64480ed05becacccd791785621db456,Source
They laughed.,cc1c4d2123ab5542efbc42bd59c219ceb64480ed05becacccd791785621db456,Source
The doors closed and they descended.,cc1c4d2123ab5542efbc42bd59c219ceb64480ed05becacccd791785621db456,Source
Dr. Jordan Hayes mused over layers of data.,cc1c4d2123ab5542efbc42bd59c219ceb64480ed05becacccd791785621db456,Source
Alex caught Jordan's gaze and leaned in.,cc1c4d2123ab5542efbc42bd59c219ceb64480ed05becacccd791785621db456,Source
Jordan thanked Alex.,cc1c4d2123ab5542efbc42bd59c219ceb64480ed05becacccd791785621db456,Source
A shudder ran through the elevator.,cc1c4d2123ab5542efbc42bd59c219ceb64480ed05becacccd791785621db456,Source
Cruz reacted and ordered a systems check.,cc1c4d2123ab5542efbc42bd59c219ceb64480ed05becacccd791785621db456,Source
Sam's voice crackled with a joke.,cc1c4d2123ab5542efbc42bd59c219ceb64480ed05becacccd791785621db456,Source
They chuckled.,cc1c4d2123ab5542efbc42bd59c219ceb64480ed05becacccd791785621db456,Source
The elevator came to a halt.,cc1c4d2123ab5542efbc42bd59c219ceb64480ed05becacccd791785621db456,Source
The team advanced into the depths of Dulce.,cc1c4d2123ab5542efbc42bd59c219ceb64480ed05becacccd791785621db456,Source
The weight of the metal door closing reverberated.,cc1c4d2123ab5542efbc42bd59c219ceb64480ed05becacccd791785621db456,Source
"Agents Alex Mercer, Jordan Hayes, Taylor Cruz, and Sam Rivera proceeded.",cc1c4d2123ab5542efbc42bd59c219ceb64480ed05becacccd791785621db456,Source
Sam,72fe8dd4b56f64d348e7152f12c58279c523815c08cadbedc206c081c02791c4,Source
electronic anomalies,72fe8dd4b56f64d348e7152f12c58279c523815c08cadbedc206c081c02791c4,Source
panel,72fe8dd4b56f64d348e7152f12c58279c523815c08cadbedc206c081c02791c4,Source
drone,72fe8dd4b56f64d348e7152f12c58279c523815c08cadbedc206c081c02791c4,Source
mainframe room,72fe8dd4b56f64d348e7152f12c58279c523815c08cadbedc206c081c02791c4,Source
secrets,72fe8dd4b56f64d348e7152f12c58279c523815c08cadbedc206c081c02791c4,Source
Taylor Cruz set a brisk pace.,72fe8dd4b56f64d348e7152f12c58279c523815c08cadbedc206c081c02791c4,Source
Taylor Cruz ordered comms checks every thirty seconds.,72fe8dd4b56f64d348e7152f12c58279c523815c08cadbedc206c081c02791c4,Source
Sam offered a murmured 'Copy that'.,72fe8dd4b56f64d348e7152f12c58279c523815c08cadbedc206c081c02791c4,Source
Jordan Hayes paused at an innocuous looking panel.,72fe8dd4b56f64d348e7152f12c58279c523815c08cadbedc206c081c02791c4,Source
Jordan Hayes called Mercer and Rivera to come see the panel.,72fe8dd4b56f64d348e7152f12c58279c523815c08cadbedc206c081c02791c4,Source
Alex joined Jordan's side to examine the panel.,72fe8dd4b56f64d348e7152f12c58279c523815c08cadbedc206c081c02791c4,Source
Jordan explained the panel was a recent addition.,72fe8dd4b56f64d348e7152f12c58279c523815c08cadbedc206c081c02791c4,Source
The panel appeared out of place to the trained eye.,72fe8dd4b56f64d348e7152f12c58279c523815c08cadbedc206c081c02791c4,Source
Alex could respond.,72fe8dd4b56f64d348e7152f12c58279c523815c08cadbedc206c081c02791c4,Source
An approaching drone cut through their muffled exchange.,72fe8dd4b56f64d348e7152f12c58279c523815c08cadbedc206c081c02791c4,Source
Taylor heard the commotion.,72fe8dd4b56f64d348e7152f12c58279c523815c08cadbedc206c081c02791c4,Source
Taylor looped back to the group.,72fe8dd4b56f64d348e7152f12c58279c523815c08cadbedc206c081c02791c4,Source
The drone came into view with sensors locked onto the group.,72fe8dd4b56f64d348e7152f12c58279c523815c08cadbedc206c081c02791c4,Source
Taylor warned that they couldn't afford to attract attention.,72fe8dd4b56f64d348e7152f12c58279c523815c08cadbedc206c081c02791c4,Source
Sam reacted to the drone.,72fe8dd4b56f64d348e7152f12c58279c523815c08cadbedc206c081c02791c4,Source
Sam's tech-savvy mind was steps ahead.,72fe8dd4b56f64d348e7152f12c58279c523815c08cadbedc206c081c02791c4,Source
Sam used their gadgetry to interfere with the drone.,72fe8dd4b56f64d348e7152f12c58279c523815c08cadbedc206c081c02791c4,Source
The drone drifted away.,72fe8dd4b56f64d348e7152f12c58279c523815c08cadbedc206c081c02791c4,Source
The crew exhaled with relief.,72fe8dd4b56f64d348e7152f12c58279c523815c08cadbedc206c081c02791c4,Source
Cruz directed the team to move out.,72fe8dd4b56f64d348e7152f12c58279c523815c08cadbedc206c081c02791c4,Source
Cruz told Rivera to keep that trick handy.,72fe8dd4b56f64d348e7152f12c58279c523815c08cadbedc206c081c02791c4,Source
The team pressed onward.,72fe8dd4b56f64d348e7152f12c58279c523815c08cadbedc206c081c02791c4,Source
Every agent held a renewed sense of wariness.,72fe8dd4b56f64d348e7152f12c58279c523815c08cadbedc206c081c02791c4,Source
The base was alive in a way they hadn't fully anticipated.,72fe8dd4b56f64d348e7152f12c58279c523815c08cadbedc206c081c02791c4,Source
The team converged upon a central hub.,72fe8dd4b56f64d348e7152f12c58279c523815c08cadbedc206c081c02791c4,Source
The doors to the mainframe room stood ajar.,72fe8dd4b56f64d348e7152f12c58279c523815c08cadbedc206c081c02791c4,Source
They fortified their resolve and stepped through the threshold.,72fe8dd4b56f64d348e7152f12c58279c523815c08cadbedc206c081c02791c4,Source
Darkness uncovered steel doors with warnings that spoke of top secrets and mortal dangers.,72fe8dd4b56f64d348e7152f12c58279c523815c08cadbedc206c081c02791c4,Source
darkness,72fe8dd4b56f64d348e7152f12c58279c523815c08cadbedc206c081c02791c4,Source
steel doors,72fe8dd4b56f64d348e7152f12c58279c523815c08cadbedc206c081c02791c4,Source
Taylor Cruz stepped firmly into the role of de facto leader and set a brisk pace.,72fe8dd4b56f64d348e7152f12c58279c523815c08cadbedc206c081c02791c4,Source
"Taylor ordered 'Eyes sharp, people. Comms check, every thirty seconds.'",72fe8dd4b56f64d348e7152f12c58279c523815c08cadbedc206c081c02791c4,Source
Sam offered a murmured 'Copy that' while fiddling with a handheld device.,72fe8dd4b56f64d348e7152f12c58279c523815c08cadbedc206c081c02791c4,Source
handheld device,72fe8dd4b56f64d348e7152f12c58279c523815c08cadbedc206c081c02791c4,Source
"Jordan said 'Mercer, Rivera, come see this.'",72fe8dd4b56f64d348e7152f12c58279c523815c08cadbedc206c081c02791c4,Source
Rivera,72fe8dd4b56f64d348e7152f12c58279c523815c08cadbedc206c081c02791c4,Source
Alex joined Jordan's side and examined the panel.,72fe8dd4b56f64d348e7152f12c58279c523815c08cadbedc206c081c02791c4,Source
Jordan explained their reasoning as Sam approached.,72fe8dd4b56f64d348e7152f12c58279c523815c08cadbedc206c081c02791c4,Source
Jordan said 'This panel is a recent addition — covering something they didn't want found.',72fe8dd4b56f64d348e7152f12c58279c523815c08cadbedc206c081c02791c4,Source
The soft whir of an approaching drone cut through their muffled exchange.,72fe8dd4b56f64d348e7152f12c58279c523815c08cadbedc206c081c02791c4,Source
Taylor had looped back upon hearing the commotion.,72fe8dd4b56f64d348e7152f12c58279c523815c08cadbedc206c081c02791c4,Source
Cruz's voice trailed off as the small airborne device came into view.,72fe8dd4b56f64d348e7152f12c58279c523815c08cadbedc206c081c02791c4,Source
Cruz,72fe8dd4b56f64d348e7152f12c58279c523815c08cadbedc206c081c02791c4,Source
airborne device,72fe8dd4b56f64d348e7152f12c58279c523815c08cadbedc206c081c02791c4,Source
Sam reacted first and declared 'I've got this.',72fe8dd4b56f64d348e7152f12c58279c523815c08cadbedc206c081c02791c4,Source
Sam's fingers flew over the controls of their own gadgetry to ward off the threat.,72fe8dd4b56f64d348e7152f12c58279c523815c08cadbedc206c081c02791c4,Source
gadgetry,72fe8dd4b56f64d348e7152f12c58279c523815c08cadbedc206c081c02791c4,Source
threat,72fe8dd4b56f64d348e7152f12c58279c523815c08cadbedc206c081c02791c4,Source
The drone lingered and its scan seemed more curious than hostile.,72fe8dd4b56f64d348e7152f12c58279c523815c08cadbedc206c081c02791c4,Source
The drone drifted away and retreated into the shadows.,72fe8dd4b56f64d348e7152f12c58279c523815c08cadbedc206c081c02791c4,Source
shadows,72fe8dd4b56f64d348e7152f12c58279c523815c08cadbedc206c081c02791c4,Source
The crew exhaled in a moment of collective relief.,72fe8dd4b56f64d348e7152f12c58279c523815c08cadbedc206c081c02791c4,Source
crew,72fe8dd4b56f64d348e7152f12c58279c523815c08cadbedc206c081c02791c4,Source
Cruz squared their shoulders and directed 'Move out.',72fe8dd4b56f64d348e7152f12c58279c523815c08cadbedc206c081c02791c4,Source
"Cruz said 'And Rivera, keep that trick handy.'",72fe8dd4b56f64d348e7152f12c58279c523815c08cadbedc206c081c02791c4,Source
The team pressed onward with soft beeps of regular comms checks.,72fe8dd4b56f64d348e7152f12c58279c523815c08cadbedc206c081c02791c4,Source
comms checks,72fe8dd4b56f64d348e7152f12c58279c523815c08cadbedc206c081c02791c4,Source
agent,72fe8dd4b56f64d348e7152f12c58279c523815c08cadbedc206c081c02791c4,Source
The group converged upon a central hub where the imposing doors to the mainframe room stood ajar.,72fe8dd4b56f64d348e7152f12c58279c523815c08cadbedc206c081c02791c4,Source
central hub,72fe8dd4b56f64d348e7152f12c58279c523815c08cadbedc206c081c02791c4,Source
doors,72fe8dd4b56f64d348e7152f12c58279c523815c08cadbedc206c081c02791c4,Source
they,72fe8dd4b56f64d348e7152f12c58279c523815c08cadbedc206c081c02791c4,Source
threshold,72fe8dd4b56f64d348e7152f12c58279c523815c08cadbedc206c081c02791c4,Source
They moved deeper into the heart of the enigma.,72fe8dd4b56f64d348e7152f12c58279c523815c08cadbedc206c081c02791c4,Source
heart of the enigma,72fe8dd4b56f64d348e7152f12c58279c523815c08cadbedc206c081c02791c4,Source
Their destinies were forever cemented to the legacy of Operation: Dulce.,72fe8dd4b56f64d348e7152f12c58279c523815c08cadbedc206c081c02791c4,Source
their destinies,72fe8dd4b56f64d348e7152f12c58279c523815c08cadbedc206c081c02791c4,Source
Dr. Jordan Hayes,9c26684d4b68e568beaa583fcdaffd7e73b808d596a3ccb57bf2f84cc3f10013,Source
alien technology,9c26684d4b68e568beaa583fcdaffd7e73b808d596a3ccb57bf2f84cc3f10013,Source
Agent Alex Mercer and Dr. Jordan Hayes,9c26684d4b68e568beaa583fcdaffd7e73b808d596a3ccb57bf2f84cc3f10013,Source
signal inconsistencies,9c26684d4b68e568beaa583fcdaffd7e73b808d596a3ccb57bf2f84cc3f10013,Source
"Agent Alex Mercer, Dr. Jordan Hayes, Taylor Cruz, Sam Rivera",9c26684d4b68e568beaa583fcdaffd7e73b808d596a3ccb57bf2f84cc3f10013,Source
The crackle of the comms system cut through the lab’s tension.,9c26684d4b68e568beaa583fcdaffd7e73b808d596a3ccb57bf2f84cc3f10013,Source
Dr. Jordan Hayes hovered over a table arrayed with alien technology.,9c26684d4b68e568beaa583fcdaffd7e73b808d596a3ccb57bf2f84cc3f10013,Source
"Agent Alex Mercer watched, admiration blooming in silent solidarity.",9c26684d4b68e568beaa583fcdaffd7e73b808d596a3ccb57bf2f84cc3f10013,Source
Jordan realigned a translucent component.,9c26684d4b68e568beaa583fcdaffd7e73b808d596a3ccb57bf2f84cc3f10013,Source
"The device emitted a low pulse, causing Jordan to still.",9c26684d4b68e568beaa583fcdaffd7e73b808d596a3ccb57bf2f84cc3f10013,Source
The device emitted a low pulse.,9c26684d4b68e568beaa583fcdaffd7e73b808d596a3ccb57bf2f84cc3f10013,Source
Jordan stilled.,9c26684d4b68e568beaa583fcdaffd7e73b808d596a3ccb57bf2f84cc3f10013,Source
Jordan considered the potential paradigm shift from understanding the device.,9c26684d4b68e568beaa583fcdaffd7e73b808d596a3ccb57bf2f84cc3f10013,Source
Jordan thought a gamble was worth the potential paradigm shift.,9c26684d4b68e568beaa583fcdaffd7e73b808d596a3ccb57bf2f84cc3f10013,Source
Alex started speaking about what's at stake for humanity.,9c26684d4b68e568beaa583fcdaffd7e73b808d596a3ccb57bf2f84cc3f10013,Source
"Jordan glanced up, meeting his eyes.",9c26684d4b68e568beaa583fcdaffd7e73b808d596a3ccb57bf2f84cc3f10013,Source
They conveyed the shared enormity of their situation.,9c26684d4b68e568beaa583fcdaffd7e73b808d596a3ccb57bf2f84cc3f10013,Source
Taylor Cruz’s brusque tones sliced through their reverie.,9c26684d4b68e568beaa583fcdaffd7e73b808d596a3ccb57bf2f84cc3f10013,Source
"Jordan returned their gaze to the device, while Alex clenched his jaw.",9c26684d4b68e568beaa583fcdaffd7e73b808d596a3ccb57bf2f84cc3f10013,Source
Taylor paused beside Jordan and observed the device with reverence.,9c26684d4b68e568beaa583fcdaffd7e73b808d596a3ccb57bf2f84cc3f10013,Source
"Taylor said, 'If this tech can be understood... It could change the game for us.'",9c26684d4b68e568beaa583fcdaffd7e73b808d596a3ccb57bf2f84cc3f10013,Source
Jordan looked up and locked eyes with Taylor.,9c26684d4b68e568beaa583fcdaffd7e73b808d596a3ccb57bf2f84cc3f10013,Source
A wordless clash of wills softened into an uneasy truce.,9c26684d4b68e568beaa583fcdaffd7e73b808d596a3ccb57bf2f84cc3f10013,Source
Alex noted the small transformation between Jordan and Taylor.,9c26684d4b68e568beaa583fcdaffd7e73b808d596a3ccb57bf2f84cc3f10013,Source
Alex gave an inward nod.,9c26684d4b68e568beaa583fcdaffd7e73b808d596a3ccb57bf2f84cc3f10013,Source
They refocused their efforts.,9c26684d4b68e568beaa583fcdaffd7e73b808d596a3ccb57bf2f84cc3f10013,Source
They knew they might be piecing together the future of their species.,9c26684d4b68e568beaa583fcdaffd7e73b808d596a3ccb57bf2f84cc3f10013,Source
Sam Rivera sat with a demeanor of focus and casual disguise.,9c26684d4b68e568beaa583fcdaffd7e73b808d596a3ccb57bf2f84cc3f10013,Source
Alex Mercer lingered in thought.,9c26684d4b68e568beaa583fcdaffd7e73b808d596a3ccb57bf2f84cc3f10013,Source
Alex noted Sam's contemplative gaze.,9c26684d4b68e568beaa583fcdaffd7e73b808d596a3ccb57bf2f84cc3f10013,Source
Alex asked Sam for his take on signal inconsistencies.,9c26684d4b68e568beaa583fcdaffd7e73b808d596a3ccb57bf2f84cc3f10013,Source
Sam admitted the patterns are off.,9c26684d4b68e568beaa583fcdaffd7e73b808d596a3ccb57bf2f84cc3f10013,Source
Sam felt the weight of expectation pressing upon his shoulders.,9c26684d4b68e568beaa583fcdaffd7e73b808d596a3ccb57bf2f84cc3f10013,Source
Sam said what they're looking at is a structured anomaly.,9c26684d4b68e568beaa583fcdaffd7e73b808d596a3ccb57bf2f84cc3f10013,Source
Alex's eyes brightened with subtle approval.,9c26684d4b68e568beaa583fcdaffd7e73b808d596a3ccb57bf2f84cc3f10013,Source
Alex affirmed Sam's role as a guiding intellect.,9c26684d4b68e568beaa583fcdaffd7e73b808d596a3ccb57bf2f84cc3f10013,Source
Sam felt more than just tech personnel.,9c26684d4b68e568beaa583fcdaffd7e73b808d596a3ccb57bf2f84cc3f10013,Source
Taylor Cruz announced it's time to gear up.,9c26684d4b68e568beaa583fcdaffd7e73b808d596a3ccb57bf2f84cc3f10013,Source
Sam and Alex nodded in unison.,9c26684d4b68e568beaa583fcdaffd7e73b808d596a3ccb57bf2f84cc3f10013,Source
The icy chasm of hierarchy seemed to bridge over with understanding.,9c26684d4b68e568beaa583fcdaffd7e73b808d596a3ccb57bf2f84cc3f10013,Source
They filed out of the briefing room.,9c26684d4b68e568beaa583fcdaffd7e73b808d596a3ccb57bf2f84cc3f10013,Source
Their footsteps synchronized.,9c26684d4b68e568beaa583fcdaffd7e73b808d596a3ccb57bf2f84cc3f10013,Source
Alex's link with Sam was poised with mutuality.,9c26684d4b68e568beaa583fcdaffd7e73b808d596a3ccb57bf2f84cc3f10013,Source
They were stepping closer towards Operation: Dulce.,9c26684d4b68e568beaa583fcdaffd7e73b808d596a3ccb57bf2f84cc3f10013,Source
"The cooling vents hummed in a monotonous drone, but it was the crackle of the comms system coming to life that cut through the lab’s tension.",9c26684d4b68e568beaa583fcdaffd7e73b808d596a3ccb57bf2f84cc3f10013,Source
cooling vents,9c26684d4b68e568beaa583fcdaffd7e73b808d596a3ccb57bf2f84cc3f10013,Source
comms system,9c26684d4b68e568beaa583fcdaffd7e73b808d596a3ccb57bf2f84cc3f10013,Source
lab,9c26684d4b68e568beaa583fcdaffd7e73b808d596a3ccb57bf2f84cc3f10013,Source
"Dr. Jordan Hayes hovered over a table arrayed with alien technology, their fingers delicately probing the enigmatic circuitry retrieved from the crash site.",9c26684d4b68e568beaa583fcdaffd7e73b808d596a3ccb57bf2f84cc3f10013,Source
table,9c26684d4b68e568beaa583fcdaffd7e73b808d596a3ccb57bf2f84cc3f10013,Source
circuitry,9c26684d4b68e568beaa583fcdaffd7e73b808d596a3ccb57bf2f84cc3f10013,Source
crash site,9c26684d4b68e568beaa583fcdaffd7e73b808d596a3ccb57bf2f84cc3f10013,Source
"Agent Alex Mercer watched, admiration blooming in silent solidarity for Jordan's deft touch and unspoken drive.",9c26684d4b68e568beaa583fcdaffd7e73b808d596a3ccb57bf2f84cc3f10013,Source
Jordan only allowed the faintest furrow of concentration to mar their brow.,9c26684d4b68e568beaa583fcdaffd7e73b808d596a3ccb57bf2f84cc3f10013,Source
"'What we understand about physics...' they muttered, trailing off as they realigned a translucent component.",9c26684d4b68e568beaa583fcdaffd7e73b808d596a3ccb57bf2f84cc3f10013,Source
translucent component,9c26684d4b68e568beaa583fcdaffd7e73b808d596a3ccb57bf2f84cc3f10013,Source
device,9c26684d4b68e568beaa583fcdaffd7e73b808d596a3ccb57bf2f84cc3f10013,Source
'Could be fundamentally changed by this.',9c26684d4b68e568beaa583fcdaffd7e73b808d596a3ccb57bf2f84cc3f10013,Source
this,9c26684d4b68e568beaa583fcdaffd7e73b808d596a3ccb57bf2f84cc3f10013,Source
A calculated risk—that's what this was.,9c26684d4b68e568beaa583fcdaffd7e73b808d596a3ccb57bf2f84cc3f10013,Source
"For a person of science, a gamble was worth the potential paradigm shift.",9c26684d4b68e568beaa583fcdaffd7e73b808d596a3ccb57bf2f84cc3f10013,Source
person of science,9c26684d4b68e568beaa583fcdaffd7e73b808d596a3ccb57bf2f84cc3f10013,Source
"'I’ve been thinking,' Alex started, his eyes still fixed on the immediately tangible mystery before them.",9c26684d4b68e568beaa583fcdaffd7e73b808d596a3ccb57bf2f84cc3f10013,Source
"Not the mission parameters, but what this means for us—humanity.'",9c26684d4b68e568beaa583fcdaffd7e73b808d596a3ccb57bf2f84cc3f10013,Source
humanity,9c26684d4b68e568beaa583fcdaffd7e73b808d596a3ccb57bf2f84cc3f10013,Source
"Jordan glanced up, meeting his eyes just long enough to convey the shared enormity of their situation, the career-defining glory and existential dread entwined.",9c26684d4b68e568beaa583fcdaffd7e73b808d596a3ccb57bf2f84cc3f10013,Source
his,9c26684d4b68e568beaa583fcdaffd7e73b808d596a3ccb57bf2f84cc3f10013,Source
We're standing on the precipice of knowledge that could either elevate us or condemn us.',9c26684d4b68e568beaa583fcdaffd7e73b808d596a3ccb57bf2f84cc3f10013,Source
We,9c26684d4b68e568beaa583fcdaffd7e73b808d596a3ccb57bf2f84cc3f10013,Source
knowledge,9c26684d4b68e568beaa583fcdaffd7e73b808d596a3ccb57bf2f84cc3f10013,Source
The charged air between them spiked as Taylor Cruz’s brusque tones sliced through their reverie.,9c26684d4b68e568beaa583fcdaffd7e73b808d596a3ccb57bf2f84cc3f10013,Source
"'Hayes, Mercer, this isn't philosophy hour.",9c26684d4b68e568beaa583fcdaffd7e73b808d596a3ccb57bf2f84cc3f10013,Source
Hayes,9c26684d4b68e568beaa583fcdaffd7e73b808d596a3ccb57bf2f84cc3f10013,Source
"We need actionable intel, not daydreams.'",9c26684d4b68e568beaa583fcdaffd7e73b808d596a3ccb57bf2f84cc3f10013,Source
"With a sound of restrained acknowledgment, Jordan returned their gaze to the device, while Alex clenched his jaw, the buzz of frustration dull against the backdrop of Taylor's authoritarian certainty.",9c26684d4b68e568beaa583fcdaffd7e73b808d596a3ccb57bf2f84cc3f10013,Source
"It was this competitive undercurrent that kept him alert, the sense that his and Jordan's shared commitment to discovery was an unspoken rebellion against Cruz's narrowing vision of control and order.",9c26684d4b68e568beaa583fcdaffd7e73b808d596a3ccb57bf2f84cc3f10013,Source
Then Taylor did something unexpected.,9c26684d4b68e568beaa583fcdaffd7e73b808d596a3ccb57bf2f84cc3f10013,Source
"They paused beside Jordan and, for a moment, observed the device with something akin to reverence.",9c26684d4b68e568beaa583fcdaffd7e73b808d596a3ccb57bf2f84cc3f10013,Source
"'If this tech can be understood...' Taylor said, their voice quieter, 'It could change the game for us.",9c26684d4b68e568beaa583fcdaffd7e73b808d596a3ccb57bf2f84cc3f10013,Source
tech,9c26684d4b68e568beaa583fcdaffd7e73b808d596a3ccb57bf2f84cc3f10013,Source
us,9c26684d4b68e568beaa583fcdaffd7e73b808d596a3ccb57bf2f84cc3f10013,Source
For all of us.',9c26684d4b68e568beaa583fcdaffd7e73b808d596a3ccb57bf2f84cc3f10013,Source
"The underlying dismissal earlier seemed to falter, replaced by a glimpse of reluctant respect for the gravity of what lay in their hands.",9c26684d4b68e568beaa583fcdaffd7e73b808d596a3ccb57bf2f84cc3f10013,Source
respect,9c26684d4b68e568beaa583fcdaffd7e73b808d596a3ccb57bf2f84cc3f10013,Source
gravity,9c26684d4b68e568beaa583fcdaffd7e73b808d596a3ccb57bf2f84cc3f10013,Source
"Jordan looked up, and for a fleeting heartbeat, their eyes locked with Taylor's, a wordless clash of wills softening into an uneasy truce.",9c26684d4b68e568beaa583fcdaffd7e73b808d596a3ccb57bf2f84cc3f10013,Source
"It was a small transformation, barely perceptible, but one that Alex noted with an inward nod.",9c26684d4b68e568beaa583fcdaffd7e73b808d596a3ccb57bf2f84cc3f10013,Source
They had all been brought here by different paths and for different reasons.,9c26684d4b68e568beaa583fcdaffd7e73b808d596a3ccb57bf2f84cc3f10013,Source
They,9c26684d4b68e568beaa583fcdaffd7e73b808d596a3ccb57bf2f84cc3f10013,Source
"Yet, beneath the veneer of duty, the enticement of the vast unknown pulled them inexorably together, coalescing their distinct desires into a shared pulse of anticipation.",9c26684d4b68e568beaa583fcdaffd7e73b808d596a3ccb57bf2f84cc3f10013,Source
duty,9c26684d4b68e568beaa583fcdaffd7e73b808d596a3ccb57bf2f84cc3f10013,Source
unknown,9c26684d4b68e568beaa583fcdaffd7e73b808d596a3ccb57bf2f84cc3f10013,Source
"Marshaled back to the moment by the blink of lights and whir of machinery, they refocused their efforts, each movement sharpened by the knowledge that beyond understanding the unearthly artifacts, they might be piecing together the future of their species.",9c26684d4b68e568beaa583fcdaffd7e73b808d596a3ccb57bf2f84cc3f10013,Source
lights,9c26684d4b68e568beaa583fcdaffd7e73b808d596a3ccb57bf2f84cc3f10013,Source
machinery,9c26684d4b68e568beaa583fcdaffd7e73b808d596a3ccb57bf2f84cc3f10013,Source
artifacts,9c26684d4b68e568beaa583fcdaffd7e73b808d596a3ccb57bf2f84cc3f10013,Source
species,9c26684d4b68e568beaa583fcdaffd7e73b808d596a3ccb57bf2f84cc3f10013,Source
"Amidst the sterility of the briefing room, the liminal space between the facts laid out and the hidden truths, sat Sam Rivera, his demeanor an artful balance of focus and a casual disguise of his razor-sharp talent with technology.",9c26684d4b68e568beaa583fcdaffd7e73b808d596a3ccb57bf2f84cc3f10013,Source
technology,9c26684d4b68e568beaa583fcdaffd7e73b808d596a3ccb57bf2f84cc3f10013,Source
"Across from him, Alex Mercer lingered in thought, the mental cogs turning as each file on Dulce stirred more than curiosity—it beckoned to a past both honored and burdensome.",9c26684d4b68e568beaa583fcdaffd7e73b808d596a3ccb57bf2f84cc3f10013,Source
file,9c26684d4b68e568beaa583fcdaffd7e73b808d596a3ccb57bf2f84cc3f10013,Source
Dulce,9c26684d4b68e568beaa583fcdaffd7e73b808d596a3ccb57bf2f84cc3f10013,Source
"'You've been quiet, Sam,' Alex noted, catching the younger man's contemplative gaze.",9c26684d4b68e568beaa583fcdaffd7e73b808d596a3ccb57bf2f84cc3f10013,Source
'Your take on these signal inconsistencies?',9c26684d4b68e568beaa583fcdaffd7e73b808d596a3ccb57bf2f84cc3f10013,Source
"There was a respect in Alex's tone, though a respectful distance remained—a gulf of experience and a hint of protective mentorship that stood between them.",9c26684d4b68e568beaa583fcdaffd7e73b808d596a3ccb57bf2f84cc3f10013,Source
"Sam nodded, recognizing the space afforded to him, and he couldn't help but feel the weight of expectation pressing upon his shoulders.",9c26684d4b68e568beaa583fcdaffd7e73b808d596a3ccb57bf2f84cc3f10013,Source
"It wasn't just the mission that was immense, it was the trust being placed in him.",9c26684d4b68e568beaa583fcdaffd7e73b808d596a3ccb57bf2f84cc3f10013,Source
mission,9c26684d4b68e568beaa583fcdaffd7e73b808d596a3ccb57bf2f84cc3f10013,Source
trust,9c26684d4b68e568beaa583fcdaffd7e73b808d596a3ccb57bf2f84cc3f10013,Source
"'The patterns are... off,' Sam admitted, hesitant but driven.",9c26684d4b68e568beaa583fcdaffd7e73b808d596a3ccb57bf2f84cc3f10013,Source
patterns,9c26684d4b68e568beaa583fcdaffd7e73b808d596a3ccb57bf2f84cc3f10013,Source
"'If I'm right, what we're looking at isn't random—it's a structured anomaly.",9c26684d4b68e568beaa583fcdaffd7e73b808d596a3ccb57bf2f84cc3f10013,Source
we,9c26684d4b68e568beaa583fcdaffd7e73b808d596a3ccb57bf2f84cc3f10013,Source
anomaly,9c26684d4b68e568beaa583fcdaffd7e73b808d596a3ccb57bf2f84cc3f10013,Source
We need to be ready for anything.',9c26684d4b68e568beaa583fcdaffd7e73b808d596a3ccb57bf2f84cc3f10013,Source
Alex's eyes brightened with a subtle approval that crossed the distance like a silent nod.,9c26684d4b68e568beaa583fcdaffd7e73b808d596a3ccb57bf2f84cc3f10013,Source
"Keen eyes will keep us ahead—or at least not blindsided,' he said, affirming the belief that inscribed Sam's role as more than the tech personnel—he was to be a guiding intellect in the heart of uncertainty.",9c26684d4b68e568beaa583fcdaffd7e73b808d596a3ccb57bf2f84cc3f10013,Source
tech personnel,9c26684d4b68e568beaa583fcdaffd7e73b808d596a3ccb57bf2f84cc3f10013,Source
"Their exchange was cut short by Taylor Cruz's abrupt arrival, his gait brimming with a robust confidence that veiled the sharp undercurrents of his striving nature.",9c26684d4b68e568beaa583fcdaffd7e73b808d596a3ccb57bf2f84cc3f10013,Source
"Dulce waits for no one,' Taylor announced, his voice carrying an iron resolve that knew the costs of hesitation—though whether the cost was calculated in human or career terms was an ambiguity he wore like a badge of honor.",9c26684d4b68e568beaa583fcdaffd7e73b808d596a3ccb57bf2f84cc3f10013,Source
"As Sam and Alex nodded in unison, the icy chasm of hierarchy and cryptic protocols seemed momentarily to bridge over with an understanding—this mission was convergence, a nexus point that would challenge each of their motives and strength.",9c26684d4b68e568beaa583fcdaffd7e73b808d596a3ccb57bf2f84cc3f10013,Source
"They filed out of the briefing room, their footsteps synchronized, a rhythm that spoke volumes of the unknown cadence they would soon march to within the base's veins.",9c26684d4b68e568beaa583fcdaffd7e73b808d596a3ccb57bf2f84cc3f10013,Source
base,9c26684d4b68e568beaa583fcdaffd7e73b808d596a3ccb57bf2f84cc3f10013,Source
"For Alex Mercer, the link with Sam Rivera, though distant, was now poised with a mutuality ready to be tested, for Taylor Cruz, the initiative pulsed like a heartbeat, anticipation thinly veiled behind a mask of duty.",9c26684d4b68e568beaa583fcdaffd7e73b808d596a3ccb57bf2f84cc3f10013,Source
"In the midst of the descent, they were each alone yet irrevocably joined, stepping closer towards the volatile embrace of Operation: Dulce.",9c26684d4b68e568beaa583fcdaffd7e73b808d596a3ccb57bf2f84cc3f10013,Source
