:START_ID,:END_ID,relation,concepts,synsets,:TYPE
Agent Alex Mercer,projectors,scanned,[],[],Relation
Agent Alex Mercer,folder,thumbed,[],[],Relation
Taylor Cruz,Agent Alex Mercer,demanded attention from,[],[],Relation
Jordan Hayes,Agent Alex Mercer,offered supportive nod to,[],[],Relation
Sam Rivera,transmission logs,combed through,[],[],Relation
Taylor Cruz,Agent Alex Mercer,reprimanded,[],[],Relation
Agent Alex Mercer,Taylor Cruz,affirmed compliance to,[],[],Relation
Jordan Hayes,Agent Alex Mercer,understood,[],[],Relation
Agent Alex Mercer,himself,formed resolve within,[],[],Relation
The thrumming of monitors cast a stark contrast to the rigid silence enveloping the group.,Agent Alex Mercer seemed dwarfed by the enormity of the sterile briefing room.,at the same time,[],[],Relation
Agent Alex Mercer seemed dwarfed by the enormity of the sterile briefing room.,He scanned the projectors outlining their impending odyssey into Operation: Dulce.,at the same time,[],[],Relation
Taylor Cruz spoke with an edge that demanded attention.,Alex Mercer flickered a strained smile and thumbed his folder's corner.,because,[],[],Relation
Alex Mercer flickered a strained smile and thumbed his folder's corner.,"He said 'Of course not, Agent Cruz. Just trying to soak in all the details.'",before,[],[],Relation
Jordan Hayes narrowed their eyes but offered a supportive nod.,They knew well enough the struggle of aligning personal convictions with overarching missions.,because,[],[],Relation
Sam Rivera added 'I’ve combed through the last transmission logs.',"Taylor Cruz snorted dismissively and said 'Focus, people. We have protocols for a reason.'",before,[],[],Relation
Taylor Cruz said 'Speculation is counter-productive.',"Alex Mercer straightened in his seat and said 'I agree, Agent Cruz. Protocol is paramount.'",as a result,[],[],Relation
Alex Mercer spoke in compliance with Taylor Cruz.,"A quiet resolve took form within Alex, galvanized by the groundwork laid by their interactions.",at the same time,[],[],Relation
Everyone began to collect their binders and prepare for departure.,"A quiet resolve took form within Alex, galvanized by the groundwork laid by their interactions.",before,[],[],Relation
Alex Mercer's determination had merely taken a subtler form.,He wouldn't surrender so easily to the forthcoming shadows.,as a result,[],[],Relation
The thrumming of monitors cast a stark contrast to the rigid silence enveloping the group.,monitors,is participated by,[],[],Relation
The thrumming of monitors cast a stark contrast to the rigid silence enveloping the group.,group,is participated by,[],[],Relation
Agent Alex Mercer seemed dwarfed by the enormity of the sterile briefing room where Paranormal Military Squad's elite convened.,Agent Alex Mercer,is participated by,[],[],Relation
Agent Alex Mercer seemed dwarfed by the enormity of the sterile briefing room where Paranormal Military Squad's elite convened.,sterile briefing room,is participated by,[],[],Relation
Agent Alex Mercer seemed dwarfed by the enormity of the sterile briefing room where Paranormal Military Squad's elite convened.,Paranormal Military Squad's elite,is participated by,[],[],Relation
He scanned the projectors outlining their impending odyssey into Operation: Dulce.,Agent Alex Mercer,is participated by,[],[],Relation
He scanned the projectors outlining their impending odyssey into Operation: Dulce.,projectors,is participated by,[],[],Relation
He scanned the projectors outlining their impending odyssey into Operation: Dulce.,Operation: Dulce,is participated by,[],[],Relation
"Taylor Cruz's voice, laced with an edge that demanded attention, said 'I assume, Agent Mercer, you’re not having second thoughts?'",Taylor Cruz,is participated by,[],[],Relation
"Taylor Cruz's voice, laced with an edge that demanded attention, said 'I assume, Agent Mercer, you’re not having second thoughts?'",Agent Mercer,is participated by,[],[],Relation
"Alex flickered a strained smile, still thumbing his folder's corner.",Alex,is participated by,[],[],Relation
"Alex flickered a strained smile, still thumbing his folder's corner.",folder,is participated by,[],[],Relation
"He said 'Of course not, Agent Cruz. Just trying to soak in all the details.'",Alex,is participated by,[],[],Relation
"He said 'Of course not, Agent Cruz. Just trying to soak in all the details.'",Agent Cruz,is participated by,[],[],Relation
Jordan Hayes narrowed their eyes but offered a supportive nod.,Jordan Hayes,is participated by,[],[],Relation
"Jordan said 'Details are imperative. We’ll need your clear-headedness down there, Mercer.'",Jordan,is participated by,[],[],Relation
"Jordan said 'Details are imperative. We’ll need your clear-headedness down there, Mercer.'",Mercer,is participated by,[],[],Relation
"Sam Rivera added 'I’ve combed through the last transmission logs. If anyone can make sense of the anomalies, it’s going to be the two of you.'",Sam Rivera,is participated by,[],[],Relation
"Sam Rivera added 'I’ve combed through the last transmission logs. If anyone can make sense of the anomalies, it’s going to be the two of you.'",transmission logs,is participated by,[],[],Relation
Taylor snorted dismissively.,Taylor,is participated by,[],[],Relation
"Taylor said 'Focus, people. We have protocols for a reason. Speculation is counter-productive.'",Taylor,is participated by,[],[],Relation
"Alex straightened in his seat and said 'I agree, Agent Cruz. Protocol is paramount,' meeting Taylor's steely gaze.",Alex,is participated by,[],[],Relation
"Alex straightened in his seat and said 'I agree, Agent Cruz. Protocol is paramount,' meeting Taylor's steely gaze.",Agent Cruz,is participated by,[],[],Relation
"Alex straightened in his seat and said 'I agree, Agent Cruz. Protocol is paramount,' meeting Taylor's steely gaze.",Taylor,is participated by,[],[],Relation
"Jordan tilted their head ever so slightly, their eyes revealing a spark of understanding.",Jordan,is participated by,[],[],Relation
They knew well enough the struggle of aligning personal convictions with overarching missions.,Jordan,is participated by,[],[],Relation
Everyone began to collect their binders and prepare for departure.,everyone,is participated by,[],[],Relation
Everyone began to collect their binders and prepare for departure.,binders,is participated by,[],[],Relation
"A quiet resolve took form within Alex, galvanized by the groundwork laid by their interactions.",Alex,is participated by,[],[],Relation
Operation: Dulce,Agent Alex Mercer,involves,[],[],Relation
Paranormal Military Squad,briefing room,convenes,[],[],Relation
Agent Alex Mercer,projectors,scans,[],[],Relation
Taylor Cruz,Agent Alex Mercer,questions,[],[],Relation
Agent Alex Mercer,Taylor Cruz,affirms compliance with,[],[],Relation
Jordan Hayes,Agent Alex Mercer,supports,[],[],Relation
Sam Rivera,last transmission logs,mentions,[],[],Relation
Taylor Cruz,Sam Rivera,dismisses,[],[],Relation
Jordan Hayes,Agent Alex Mercer,understands,[],[],Relation
The thrumming of monitors cast a stark contrast to the rigid silence enveloping the group.,Agent Alex Mercer seemed dwarfed by the enormity of the sterile briefing room.,before,[],[],Relation
Agent Alex Mercer seemed dwarfed by the enormity of the sterile briefing room.,The Paranormal Military Squad's elite convened in the room.,because,[],[],Relation
Agent Alex Mercer scanned the projectors outlining their impending odyssey into Operation: Dulce.,He seemed dwarfed by the enormity of the sterile briefing room.,after,[],[],Relation
Taylor Cruz asked if Agent Mercer was having second thoughts.,Alex scanned the projectors with dulled eyes.,because,[],[],Relation
Alex flickered a strained smile.,Taylor Cruz asked if Agent Mercer was having second thoughts.,after,[],[],Relation
Alex said he was just trying to soak in all the details.,The compliance in his tone was unsettling to himself.,as a result,[],[],Relation
Jordan Hayes narrowed their eyes.,Alex said he was just trying to soak in all the details.,after,[],[],Relation
Jordan Hayes offered a supportive nod.,Jordan Hayes narrowed their eyes.,after,[],[],Relation
Jordan Hayes said details are imperative.,They knew the mission required clear-headedness.,because,[],[],Relation
Sam Rivera said they had combed through the last transmission logs.,Sam Rivera added that Alex and Jordan could make sense of the anomalies.,before,[],[],Relation
Taylor snorted dismissively.,Sam Rivera said Alex and Jordan could make sense of the anomalies.,after,[],[],Relation
Taylor said speculation is counter-productive.,They have protocols for a reason.,because,[],[],Relation
The words 'counter-productive' hung in the air.,Alex felt the weight of his compliance conflicting with his natural inclination.,as a result,[],[],Relation
Alex straightened in his seat.,He felt the weight of his compliance conflicting with his natural inclination.,after,[],[],Relation
Alex said protocol is paramount.,He straightened in his seat.,after,[],[],Relation
Alex met Taylor's steely gaze.,Alex said protocol is paramount.,at the same time,[],[],Relation
Jordan tilted their head slightly.,Alex met Taylor's steely gaze.,after,[],[],Relation
Jordan's eyes revealed a spark of understanding.,Jordan tilted their head slightly.,as a result,[],[],Relation
Everyone began to collect their binders and prepare for departure.,Jordan's eyes revealed a spark of understanding.,after,[],[],Relation
A quiet resolve took form within Alex.,Everyone began to collect their binders and prepare for departure.,as a result,[],[],Relation
The thrumming of monitors cast a stark contrast to the rigid silence enveloping the group.,monitors,is participated by,[],[],Relation
The thrumming of monitors cast a stark contrast to the rigid silence enveloping the group.,group,is participated by,[],[],Relation
Agent Alex Mercer seemed dwarfed by the enormity of the sterile briefing room where Paranormal Military Squad's elite convened.,Agent Alex Mercer,is participated by,[],[],Relation
Agent Alex Mercer seemed dwarfed by the enormity of the sterile briefing room where Paranormal Military Squad's elite convened.,sterile briefing room,is participated by,[],[],Relation
Agent Alex Mercer seemed dwarfed by the enormity of the sterile briefing room where Paranormal Military Squad's elite convened.,Paranormal Military Squad's elite,is participated by,[],[],Relation
"With dulled eyes, he scanned the projectors outlining their impending odyssey into Operation: Dulce.",he,is participated by,[],[],Relation
"With dulled eyes, he scanned the projectors outlining their impending odyssey into Operation: Dulce.",projectors,is participated by,[],[],Relation
"With dulled eyes, he scanned the projectors outlining their impending odyssey into Operation: Dulce.",Operation: Dulce,is participated by,[],[],Relation
Taylor Cruz's voice laced with an edge demanded attention.,Taylor Cruz's voice,is participated by,[],[],Relation
"Alex flickered a strained smile, still thumbing his folder's corner.",Alex,is participated by,[],[],Relation
"Alex flickered a strained smile, still thumbing his folder's corner.",his folder's corner,is participated by,[],[],Relation
"The compliance in his tone was unsettling, even to himself.",his tone,is participated by,[],[],Relation
"The compliance in his tone was unsettling, even to himself.",himself,is participated by,[],[],Relation
Jordan Hayes narrowed their eyes but offered a supportive nod.,Jordan Hayes,is participated by,[],[],Relation
"A comfortable silence lingered briefly before Sam Rivera added, 'I've combed through the last transmission logs.'",Sam Rivera,is participated by,[],[],Relation
"A comfortable silence lingered briefly before Sam Rivera added, 'I've combed through the last transmission logs.'",last transmission logs,is participated by,[],[],Relation
Taylor snorted dismissively.,Taylor,is participated by,[],[],Relation
"The words 'counter-productive' seemed to hang in the air, a tacit reprimand directed at Alex.",words 'counter-productive',is participated by,[],[],Relation
"The words 'counter-productive' seemed to hang in the air, a tacit reprimand directed at Alex.",Alex,is participated by,[],[],Relation
Alex straightened in his seat.,Alex,is participated by,[],[],Relation
Alex straightened in his seat.,his seat,is participated by,[],[],Relation
Alex met Taylor's steely gaze.,Alex,is participated by,[],[],Relation
Alex met Taylor's steely gaze.,Taylor's steely gaze,is participated by,[],[],Relation
"Jordan tilted their head ever so slightly, their eyes revealing a spark of understanding.",Jordan,is participated by,[],[],Relation
Everyone began to collect their binders and prepare for departure.,everyone,is participated by,[],[],Relation
Everyone began to collect their binders and prepare for departure.,their binders,is participated by,[],[],Relation
"A quiet resolve took form within Alex, galvanized by the groundwork laid by their interactions.",Alex,is participated by,[],[],Relation
"A quiet resolve took form within Alex, galvanized by the groundwork laid by their interactions.",their interactions,is participated by,[],[],Relation
Sam Rivera,intercepted comm signals from Dulce,decrypts,[],[],Relation
Alex Mercer,Sam Rivera,mentors,[],[],Relation
Alex Mercer,Jordan Hayes,confides in,[],[],Relation
Jordan Hayes,mission dynamics,analyzes,[],[],Relation
Taylor Cruz,team,commands,[],[],Relation
Team,Dulce base,descends into,[],[],Relation
Sam Rivera sat alone in a cramped office.,Their fingers paused over the keyboard as they leaned back in the chair.,before,[],[],Relation
Their fingers paused over the keyboard as they leaned back in the chair.,Alex Mercer arrived unexpectedly.,before,[],[],Relation
Alex Mercer arrived unexpectedly.,Sam Rivera was surprised by the unexpected arrival.,because,[],[],Relation
Alex Mercer asked Sam Rivera for a minute.,Sam Rivera agreed to talk.,after,[],[],Relation
Sam Rivera agreed to talk.,Alex Mercer hesitated and weighed his words.,before,[],[],Relation
Alex Mercer hesitated and weighed his words.,He was concerned about the silence from Dulce.,because,[],[],Relation
Alex Mercer expressed concern about the silence from Dulce.,Sam Rivera reflected on the limits of numbers.,as a result,[],[],Relation
Sam Rivera reflected on the limits of numbers.,They shared a moment of understanding with Alex.,before,[],[],Relation
They shared a moment of understanding with Alex.,Alex turned to leave.,after,[],[],Relation
Alex turned to leave.,Sam Rivera's eyes drifted back to the screens.,after,[],[],Relation
Sam Rivera's eyes drifted back to the screens.,They saw the screens as windows into the challenge.,before,[],[],Relation
Alex Mercer stood gazing at the concealed elevator.,Jordan Hayes approached him.,before,[],[],Relation
Jordan Hayes approached Alex Mercer.,Jordan Hayes remarked on the mission's nature.,before,[],[],Relation
Jordan Hayes remarked on the mission's nature.,Alex Mercer felt like they were being pulled into someone else's game.,because,[],[],Relation
Alex Mercer felt like they were being pulled into someone else's game.,Jordan Hayes agreed and mentioned the lack of choice.,as a result,[],[],Relation
Jordan Hayes agreed and mentioned the lack of choice.,Taylor Cruz interjected sharply.,after,[],[],Relation
Taylor Cruz interjected sharply.,They needed to secure positions.,because,[],[],Relation
Taylor Cruz interjected sharply.,Alex Mercer responded with a steadier voice.,as a result,[],[],Relation
Alex Mercer responded with a steadier voice.,He gripped his rifle with a newfound firmness.,before,[],[],Relation
Alex Mercer gripped his rifle with a newfound firmness.,He said 'Let's proceed.',before,[],[],Relation
Alex Mercer said 'Let's proceed.',They congregated at the elevator.,before,[],[],Relation
They congregated at the elevator.,Sam Rivera piped in with a tone of balanced levity.,before,[],[],Relation
Sam Rivera piped in with a tone of balanced levity.,Their laughter served as a brief respite.,as a result,[],[],Relation
Their laughter served as a brief respite.,They stepped into the elevator.,before,[],[],Relation
They stepped into the elevator.,The doors closed with a silent hiss.,after,[],[],Relation
The doors closed with a silent hiss.,They descended into the darkness together.,before,[],[],Relation
They descended into the darkness together.,Dr. Jordan Hayes mused over the layers of data.,before,[],[],Relation
Dr. Jordan Hayes mused over the layers of data.,They felt reluctance to accept other possibilities.,because,[],[],Relation
Dr. Jordan Hayes felt reluctance to accept other possibilities.,Alex caught Jordan's reflective gaze.,as a result,[],[],Relation
Alex caught Jordan's reflective gaze.,Alex leaned in and spoke to Jordan.,before,[],[],Relation
Alex leaned in and spoke to Jordan.,He wanted to compliment Jordan's analytical edge.,because,[],[],Relation
Alex complimented Jordan's analytical edge.,"Jordan said 'Thank you, Alex.'",as a result,[],[],Relation
"Jordan said 'Thank you, Alex.'",The elevator shuddered.,before,[],[],Relation
The elevator shuddered.,There was a vibration from the walls.,because,[],[],Relation
The elevator shuddered.,Taylor Cruz ordered a systems check.,as a result,[],[],Relation
Taylor Cruz ordered a systems check.,Every agent checked their gear.,after,[],[],Relation
Every agent checked their gear.,Sam Rivera made a half-jest about Martians.,before,[],[],Relation
Sam Rivera made a half-jest about Martians.,The team chuckled.,as a result,[],[],Relation
The team chuckled.,"The elevator came to a halting, eerie calm.",before,[],[],Relation
"The elevator came to a halting, eerie calm.",The group stepped off.,after,[],[],Relation
The group stepped off.,They stood in a tight pack.,before,[],[],Relation
They stood in a tight pack.,They shared a cautious glance.,before,[],[],Relation
They shared a cautious glance.,They fanned out into the unknown.,before,[],[],Relation
They fanned out into the unknown.,The thick metal door closed behind them.,after,[],[],Relation
The thick metal door closed behind them.,The team advanced into Dulce base.,because,[],[],Relation
The team advanced into Dulce base.,Their torch beams sliced through the air.,before,[],[],Relation
Sam Rivera sat alone in a cramped office.,Sam Rivera,is participated by,[],[],Relation
Their eyes danced across lines of code and intercepted comm signals.,Sam Rivera,is participated by,[],[],Relation
Their fingers paused over the keyboard as they leaned back in the chair.,Sam Rivera,is participated by,[],[],Relation
Alex Mercer arrived unexpectedly.,Alex Mercer,is participated by,[],[],Relation
Alex's shadow loomed over Sam's workspace.,Alex Mercer,is participated by,[],[],Relation
Alex's shadow loomed over Sam's workspace.,Sam Rivera,is participated by,[],[],Relation
Sam craned their neck upwards.,Sam Rivera,is participated by,[],[],Relation
Alex asked if Sam had a minute.,Alex Mercer,is participated by,[],[],Relation
Alex asked if Sam had a minute.,Sam Rivera,is participated by,[],[],Relation
Sam said always and swiveled to face Alex.,Sam Rivera,is participated by,[],[],Relation
Sam said always and swiveled to face Alex.,Alex Mercer,is participated by,[],[],Relation
Alex hesitated and weighed his words.,Alex Mercer,is participated by,[],[],Relation
Alex spoke about technology and intuition.,Alex Mercer,is participated by,[],[],Relation
Alex spoke about technology and intuition.,Sam Rivera,is participated by,[],[],Relation
Sam regarded Alex for a moment.,Sam Rivera,is participated by,[],[],Relation
Sam regarded Alex for a moment.,Alex Mercer,is participated by,[],[],Relation
Sam mirrored thought about intuition.,Sam Rivera,is participated by,[],[],Relation
Their shared silence held a newfound understanding.,Sam Rivera,is participated by,[],[],Relation
Their shared silence held a newfound understanding.,Alex Mercer,is participated by,[],[],Relation
Alex turned to leave.,Alex Mercer,is participated by,[],[],Relation
Sam's eyes drifted back to the screens.,Sam Rivera,is participated by,[],[],Relation
Alex Mercer stood gazing at the concealed elevator.,Alex Mercer,is participated by,[],[],Relation
Jordan Hayes approached Mercer.,Jordan Hayes,is participated by,[],[],Relation
Jordan Hayes approached Mercer.,Alex Mercer,is participated by,[],[],Relation
Jordan remarked about the mission.,Jordan Hayes,is participated by,[],[],Relation
Jordan remarked about the mission.,Alex Mercer,is participated by,[],[],Relation
Alex turned and replied about being pawns.,Alex Mercer,is participated by,[],[],Relation
Alex turned and replied about being pawns.,Jordan Hayes,is participated by,[],[],Relation
Jordan gave a short nod.,Jordan Hayes,is participated by,[],[],Relation
Jordan expressed feeling since the briefing.,Jordan Hayes,is participated by,[],[],Relation
Their eyes locked with Alex's.,Jordan Hayes,is participated by,[],[],Relation
Their eyes locked with Alex's.,Alex Mercer,is participated by,[],[],Relation
Taylor Cruz interjected sharply.,Taylor Cruz,is participated by,[],[],Relation
Taylor Cruz interjected sharply.,Alex Mercer,is participated by,[],[],Relation
Taylor Cruz interjected sharply.,Jordan Hayes,is participated by,[],[],Relation
Alex responded and gripped his rifle.,Alex Mercer,is participated by,[],[],Relation
Sam Rivera piped in with a joke.,Sam Rivera,is participated by,[],[],Relation
Sam Rivera piped in with a joke.,Alex Mercer,is participated by,[],[],Relation
Sam Rivera piped in with a joke.,Jordan Hayes,is participated by,[],[],Relation
Sam Rivera piped in with a joke.,Taylor Cruz,is participated by,[],[],Relation
They laughed.,Sam Rivera,is participated by,[],[],Relation
They laughed.,Alex Mercer,is participated by,[],[],Relation
They laughed.,Jordan Hayes,is participated by,[],[],Relation
They laughed.,Taylor Cruz,is participated by,[],[],Relation
They stepped into the elevator.,Sam Rivera,is participated by,[],[],Relation
They stepped into the elevator.,Alex Mercer,is participated by,[],[],Relation
They stepped into the elevator.,Jordan Hayes,is participated by,[],[],Relation
They stepped into the elevator.,Taylor Cruz,is participated by,[],[],Relation
The doors closed and they descended.,Sam Rivera,is participated by,[],[],Relation
The doors closed and they descended.,Alex Mercer,is participated by,[],[],Relation
The doors closed and they descended.,Jordan Hayes,is participated by,[],[],Relation
The doors closed and they descended.,Taylor Cruz,is participated by,[],[],Relation
Dr. Jordan Hayes mused over layers of data.,Jordan Hayes,is participated by,[],[],Relation
Alex caught Jordan's gaze and leaned in.,Alex Mercer,is participated by,[],[],Relation
Alex caught Jordan's gaze and leaned in.,Jordan Hayes,is participated by,[],[],Relation
Alex complimented Jordan's analytical edge.,Alex Mercer,is participated by,[],[],Relation
Alex complimented Jordan's analytical edge.,Jordan Hayes,is participated by,[],[],Relation
Jordan thanked Alex.,Jordan Hayes,is participated by,[],[],Relation
Jordan thanked Alex.,Alex Mercer,is participated by,[],[],Relation
A shudder ran through the elevator.,Sam Rivera,is participated by,[],[],Relation
A shudder ran through the elevator.,Alex Mercer,is participated by,[],[],Relation
A shudder ran through the elevator.,Jordan Hayes,is participated by,[],[],Relation
A shudder ran through the elevator.,Taylor Cruz,is participated by,[],[],Relation
Cruz reacted and ordered a systems check.,Taylor Cruz,is participated by,[],[],Relation
Cruz reacted and ordered a systems check.,Alex Mercer,is participated by,[],[],Relation
Cruz reacted and ordered a systems check.,Jordan Hayes,is participated by,[],[],Relation
Cruz reacted and ordered a systems check.,Sam Rivera,is participated by,[],[],Relation
Every agent checked their gear.,Alex Mercer,is participated by,[],[],Relation
Every agent checked their gear.,Jordan Hayes,is participated by,[],[],Relation
Every agent checked their gear.,Taylor Cruz,is participated by,[],[],Relation
Every agent checked their gear.,Sam Rivera,is participated by,[],[],Relation
Sam's voice crackled with a joke.,Sam Rivera,is participated by,[],[],Relation
Sam's voice crackled with a joke.,Alex Mercer,is participated by,[],[],Relation
Sam's voice crackled with a joke.,Jordan Hayes,is participated by,[],[],Relation
Sam's voice crackled with a joke.,Taylor Cruz,is participated by,[],[],Relation
They chuckled.,Sam Rivera,is participated by,[],[],Relation
They chuckled.,Alex Mercer,is participated by,[],[],Relation
They chuckled.,Jordan Hayes,is participated by,[],[],Relation
They chuckled.,Taylor Cruz,is participated by,[],[],Relation
The elevator came to a halt.,Sam Rivera,is participated by,[],[],Relation
The elevator came to a halt.,Alex Mercer,is participated by,[],[],Relation
The elevator came to a halt.,Jordan Hayes,is participated by,[],[],Relation
The elevator came to a halt.,Taylor Cruz,is participated by,[],[],Relation
The group stepped off.,Sam Rivera,is participated by,[],[],Relation
The group stepped off.,Alex Mercer,is participated by,[],[],Relation
The group stepped off.,Jordan Hayes,is participated by,[],[],Relation
The group stepped off.,Taylor Cruz,is participated by,[],[],Relation
They stood in a tight pack.,Sam Rivera,is participated by,[],[],Relation
They stood in a tight pack.,Alex Mercer,is participated by,[],[],Relation
They stood in a tight pack.,Jordan Hayes,is participated by,[],[],Relation
They stood in a tight pack.,Taylor Cruz,is participated by,[],[],Relation
They fanned out into the unknown.,Sam Rivera,is participated by,[],[],Relation
They fanned out into the unknown.,Alex Mercer,is participated by,[],[],Relation
They fanned out into the unknown.,Jordan Hayes,is participated by,[],[],Relation
They fanned out into the unknown.,Taylor Cruz,is participated by,[],[],Relation
The team advanced into the depths of Dulce.,Sam Rivera,is participated by,[],[],Relation
The team advanced into the depths of Dulce.,Alex Mercer,is participated by,[],[],Relation
The team advanced into the depths of Dulce.,Jordan Hayes,is participated by,[],[],Relation
The team advanced into the depths of Dulce.,Taylor Cruz,is participated by,[],[],Relation
The weight of the metal door closing reverberated.,Sam Rivera,is participated by,[],[],Relation
The weight of the metal door closing reverberated.,Alex Mercer,is participated by,[],[],Relation
The weight of the metal door closing reverberated.,Jordan Hayes,is participated by,[],[],Relation
The weight of the metal door closing reverberated.,Taylor Cruz,is participated by,[],[],Relation
"Agents Alex Mercer, Jordan Hayes, Taylor Cruz, and Sam Rivera proceeded.",Alex Mercer,is participated by,[],[],Relation
"Agents Alex Mercer, Jordan Hayes, Taylor Cruz, and Sam Rivera proceeded.",Jordan Hayes,is participated by,[],[],Relation
"Agents Alex Mercer, Jordan Hayes, Taylor Cruz, and Sam Rivera proceeded.",Taylor Cruz,is participated by,[],[],Relation
"Agents Alex Mercer, Jordan Hayes, Taylor Cruz, and Sam Rivera proceeded.",Sam Rivera,is participated by,[],[],Relation
Taylor Cruz,team,ordered,[],[],Relation
Sam,electronic anomalies,detected,[],[],Relation
Jordan Hayes,panel,identified,[],[],Relation
Jordan Hayes,panel,explained,[],[],Relation
Alex,panel,examined,[],[],Relation
Sam,drone,interfered with,[],[],Relation
drone,group,scanned,[],[],Relation
Taylor Cruz,team,directed,[],[],Relation
team,mainframe room,entered,[],[],Relation
Dulce base,secrets,contained,[],[],Relation
Taylor Cruz set a brisk pace.,Taylor Cruz ordered comms checks every thirty seconds.,before,[],[],Relation
Taylor Cruz ordered comms checks every thirty seconds.,Sam offered a murmured 'Copy that'.,before,[],[],Relation
Jordan Hayes paused at an innocuous looking panel.,Sam offered a murmured 'Copy that'.,after,[],[],Relation
Jordan Hayes paused at an innocuous looking panel.,Jordan Hayes called Mercer and Rivera to come see the panel.,before,[],[],Relation
Jordan Hayes called Mercer and Rivera to come see the panel.,Alex joined Jordan's side to examine the panel.,before,[],[],Relation
Jordan explained the panel was a recent addition.,The panel appeared out of place to the trained eye.,because,[],[],Relation
Jordan explained the panel was a recent addition.,Alex could respond.,before,[],[],Relation
An approaching drone cut through their muffled exchange.,Jordan explained the panel was a recent addition.,after,[],[],Relation
Taylor heard the commotion.,Taylor looped back to the group.,before,[],[],Relation
The drone came into view with sensors locked onto the group.,Taylor warned that they couldn't afford to attract attention.,because,[],[],Relation
Sam reacted to the drone.,Sam's tech-savvy mind was steps ahead.,because,[],[],Relation
Sam used their gadgetry to interfere with the drone.,The drone drifted away.,as a result,[],[],Relation
The drone drifted away.,The crew exhaled with relief.,after,[],[],Relation
The crew exhaled with relief.,Cruz directed the team to move out.,before,[],[],Relation
Cruz directed the team to move out.,The crew exhaled with relief.,after,[],[],Relation
Cruz told Rivera to keep that trick handy.,The team pressed onward.,before,[],[],Relation
The team pressed onward.,Every agent held a renewed sense of wariness.,after,[],[],Relation
Every agent held a renewed sense of wariness.,The base was alive in a way they hadn't fully anticipated.,because,[],[],Relation
The team converged upon a central hub.,The doors to the mainframe room stood ajar.,before,[],[],Relation
The doors to the mainframe room stood ajar.,They fortified their resolve and stepped through the threshold.,after,[],[],Relation
Darkness uncovered steel doors with warnings that spoke of top secrets and mortal dangers.,darkness,is participated by,[],[],Relation
Darkness uncovered steel doors with warnings that spoke of top secrets and mortal dangers.,steel doors,is participated by,[],[],Relation
Taylor Cruz stepped firmly into the role of de facto leader and set a brisk pace.,Taylor Cruz,is participated by,[],[],Relation
"Taylor ordered 'Eyes sharp, people. Comms check, every thirty seconds.'",Taylor,is participated by,[],[],Relation
Sam offered a murmured 'Copy that' while fiddling with a handheld device.,Sam,is participated by,[],[],Relation
Sam offered a murmured 'Copy that' while fiddling with a handheld device.,handheld device,is participated by,[],[],Relation
Jordan Hayes paused at an innocuous looking panel.,Jordan Hayes,is participated by,[],[],Relation
Jordan Hayes paused at an innocuous looking panel.,panel,is participated by,[],[],Relation
"Jordan said 'Mercer, Rivera, come see this.'",Jordan,is participated by,[],[],Relation
"Jordan said 'Mercer, Rivera, come see this.'",Mercer,is participated by,[],[],Relation
"Jordan said 'Mercer, Rivera, come see this.'",Rivera,is participated by,[],[],Relation
Alex joined Jordan's side and examined the panel.,Alex,is participated by,[],[],Relation
Alex joined Jordan's side and examined the panel.,Jordan,is participated by,[],[],Relation
Alex joined Jordan's side and examined the panel.,panel,is participated by,[],[],Relation
Jordan explained their reasoning as Sam approached.,Jordan,is participated by,[],[],Relation
Jordan explained their reasoning as Sam approached.,Sam,is participated by,[],[],Relation
Jordan said 'This panel is a recent addition — covering something they didn't want found.',Jordan,is participated by,[],[],Relation
Jordan said 'This panel is a recent addition — covering something they didn't want found.',panel,is participated by,[],[],Relation
The soft whir of an approaching drone cut through their muffled exchange.,drone,is participated by,[],[],Relation
Taylor had looped back upon hearing the commotion.,Taylor,is participated by,[],[],Relation
Cruz's voice trailed off as the small airborne device came into view.,Cruz,is participated by,[],[],Relation
Cruz's voice trailed off as the small airborne device came into view.,airborne device,is participated by,[],[],Relation
Sam reacted first and declared 'I've got this.',Sam,is participated by,[],[],Relation
Sam's fingers flew over the controls of their own gadgetry to ward off the threat.,Sam,is participated by,[],[],Relation
Sam's fingers flew over the controls of their own gadgetry to ward off the threat.,gadgetry,is participated by,[],[],Relation
Sam's fingers flew over the controls of their own gadgetry to ward off the threat.,threat,is participated by,[],[],Relation
The drone lingered and its scan seemed more curious than hostile.,drone,is participated by,[],[],Relation
The drone drifted away and retreated into the shadows.,drone,is participated by,[],[],Relation
The drone drifted away and retreated into the shadows.,shadows,is participated by,[],[],Relation
The crew exhaled in a moment of collective relief.,crew,is participated by,[],[],Relation
Cruz squared their shoulders and directed 'Move out.',Cruz,is participated by,[],[],Relation
"Cruz said 'And Rivera, keep that trick handy.'",Cruz,is participated by,[],[],Relation
"Cruz said 'And Rivera, keep that trick handy.'",Rivera,is participated by,[],[],Relation
The team pressed onward with soft beeps of regular comms checks.,team,is participated by,[],[],Relation
The team pressed onward with soft beeps of regular comms checks.,comms checks,is participated by,[],[],Relation
Every agent held a renewed sense of wariness.,agent,is participated by,[],[],Relation
The group converged upon a central hub where the imposing doors to the mainframe room stood ajar.,group,is participated by,[],[],Relation
The group converged upon a central hub where the imposing doors to the mainframe room stood ajar.,central hub,is participated by,[],[],Relation
The group converged upon a central hub where the imposing doors to the mainframe room stood ajar.,doors,is participated by,[],[],Relation
The group converged upon a central hub where the imposing doors to the mainframe room stood ajar.,mainframe room,is participated by,[],[],Relation
They fortified their resolve and stepped through the threshold.,they,is participated by,[],[],Relation
They fortified their resolve and stepped through the threshold.,threshold,is participated by,[],[],Relation
They moved deeper into the heart of the enigma.,they,is participated by,[],[],Relation
They moved deeper into the heart of the enigma.,heart of the enigma,is participated by,[],[],Relation
Their destinies were forever cemented to the legacy of Operation: Dulce.,their destinies,is participated by,[],[],Relation
Their destinies were forever cemented to the legacy of Operation: Dulce.,Operation: Dulce,is participated by,[],[],Relation
Agent Alex Mercer,Dr. Jordan Hayes,watched,[],[],Relation
Agent Alex Mercer,Dr. Jordan Hayes,admired,[],[],Relation
Dr. Jordan Hayes,alien technology,examined,[],[],Relation
Dr. Jordan Hayes,Agent Alex Mercer,discussed implications with,[],[],Relation
Taylor Cruz,Agent Alex Mercer and Dr. Jordan Hayes,interrupted,[],[],Relation
Taylor Cruz,alien technology,showed respect for,[],[],Relation
Taylor Cruz,Dr. Jordan Hayes,reached understanding with,[],[],Relation
Agent Alex Mercer,Sam Rivera,mentored,[],[],Relation
Sam Rivera,signal inconsistencies,analyzed,[],[],Relation
Taylor Cruz,Operation: Dulce,led,[],[],Relation
"Agent Alex Mercer, Dr. Jordan Hayes, Taylor Cruz, Sam Rivera",Operation: Dulce,participated in,[],[],Relation
The thrumming of monitors cast a stark contrast to the rigid silence enveloping the group.,Agent Alex Mercer seemed dwarfed by the enormity of the sterile briefing room.,at the same time,[],[],Relation
Agent Alex Mercer scanned the projectors outlining their impending odyssey into Operation: Dulce.,The crackle of the comms system cut through the lab’s tension.,before,[],[],Relation
Dr. Jordan Hayes hovered over a table arrayed with alien technology.,"Agent Alex Mercer watched, admiration blooming in silent solidarity.",at the same time,[],[],Relation
Jordan realigned a translucent component.,"The device emitted a low pulse, causing Jordan to still.",as a result,[],[],Relation
The device emitted a low pulse.,Jordan stilled.,as a result,[],[],Relation
Jordan considered the potential paradigm shift from understanding the device.,Jordan thought a gamble was worth the potential paradigm shift.,because,[],[],Relation
Alex started speaking about what's at stake for humanity.,"Jordan glanced up, meeting his eyes.",at the same time,[],[],Relation
"Jordan glanced up, meeting his eyes.",They conveyed the shared enormity of their situation.,as a result,[],[],Relation
Taylor Cruz’s brusque tones sliced through their reverie.,"Jordan returned their gaze to the device, while Alex clenched his jaw.",after,[],[],Relation
Taylor paused beside Jordan and observed the device with reverence.,"Taylor said, 'If this tech can be understood... It could change the game for us.'",after,[],[],Relation
Jordan looked up and locked eyes with Taylor.,A wordless clash of wills softened into an uneasy truce.,as a result,[],[],Relation
Alex noted the small transformation between Jordan and Taylor.,Alex gave an inward nod.,after,[],[],Relation
They refocused their efforts.,They knew they might be piecing together the future of their species.,because,[],[],Relation
Sam Rivera sat with a demeanor of focus and casual disguise.,Alex Mercer lingered in thought.,at the same time,[],[],Relation
Alex noted Sam's contemplative gaze.,Alex asked Sam for his take on signal inconsistencies.,before,[],[],Relation
Sam admitted the patterns are off.,Sam felt the weight of expectation pressing upon his shoulders.,because,[],[],Relation
Sam said what they're looking at is a structured anomaly.,Alex's eyes brightened with subtle approval.,as a result,[],[],Relation
Alex affirmed Sam's role as a guiding intellect.,Sam felt more than just tech personnel.,after,[],[],Relation
Taylor Cruz announced it's time to gear up.,Sam and Alex nodded in unison.,after,[],[],Relation
Sam and Alex nodded in unison.,The icy chasm of hierarchy seemed to bridge over with understanding.,as a result,[],[],Relation
They filed out of the briefing room.,Their footsteps synchronized.,after,[],[],Relation
Alex's link with Sam was poised with mutuality.,They were stepping closer towards Operation: Dulce.,because,[],[],Relation
The thrumming of monitors cast a stark contrast to the rigid silence enveloping the group.,monitors,is participated by,[],[],Relation
The thrumming of monitors cast a stark contrast to the rigid silence enveloping the group.,group,is participated by,[],[],Relation
Agent Alex Mercer seemed dwarfed by the enormity of the sterile briefing room where Paranormal Military Squad's elite convened.,Agent Alex Mercer,is participated by,[],[],Relation
Agent Alex Mercer seemed dwarfed by the enormity of the sterile briefing room where Paranormal Military Squad's elite convened.,briefing room,is participated by,[],[],Relation
Agent Alex Mercer seemed dwarfed by the enormity of the sterile briefing room where Paranormal Military Squad's elite convened.,Paranormal Military Squad's elite,is participated by,[],[],Relation
He scanned the projectors outlining their impending odyssey into Operation: Dulce.,Agent Alex Mercer,is participated by,[],[],Relation
He scanned the projectors outlining their impending odyssey into Operation: Dulce.,projectors,is participated by,[],[],Relation
He scanned the projectors outlining their impending odyssey into Operation: Dulce.,Operation: Dulce,is participated by,[],[],Relation
"The cooling vents hummed in a monotonous drone, but it was the crackle of the comms system coming to life that cut through the lab’s tension.",cooling vents,is participated by,[],[],Relation
"The cooling vents hummed in a monotonous drone, but it was the crackle of the comms system coming to life that cut through the lab’s tension.",comms system,is participated by,[],[],Relation
"The cooling vents hummed in a monotonous drone, but it was the crackle of the comms system coming to life that cut through the lab’s tension.",lab,is participated by,[],[],Relation
"Dr. Jordan Hayes hovered over a table arrayed with alien technology, their fingers delicately probing the enigmatic circuitry retrieved from the crash site.",Dr. Jordan Hayes,is participated by,[],[],Relation
"Dr. Jordan Hayes hovered over a table arrayed with alien technology, their fingers delicately probing the enigmatic circuitry retrieved from the crash site.",table,is participated by,[],[],Relation
"Dr. Jordan Hayes hovered over a table arrayed with alien technology, their fingers delicately probing the enigmatic circuitry retrieved from the crash site.",alien technology,is participated by,[],[],Relation
"Dr. Jordan Hayes hovered over a table arrayed with alien technology, their fingers delicately probing the enigmatic circuitry retrieved from the crash site.",circuitry,is participated by,[],[],Relation
"Dr. Jordan Hayes hovered over a table arrayed with alien technology, their fingers delicately probing the enigmatic circuitry retrieved from the crash site.",crash site,is participated by,[],[],Relation
"Agent Alex Mercer watched, admiration blooming in silent solidarity for Jordan's deft touch and unspoken drive.",Agent Alex Mercer,is participated by,[],[],Relation
"Agent Alex Mercer watched, admiration blooming in silent solidarity for Jordan's deft touch and unspoken drive.",Jordan,is participated by,[],[],Relation
Jordan only allowed the faintest furrow of concentration to mar their brow.,Jordan,is participated by,[],[],Relation
"'What we understand about physics...' they muttered, trailing off as they realigned a translucent component.",Jordan,is participated by,[],[],Relation
"'What we understand about physics...' they muttered, trailing off as they realigned a translucent component.",translucent component,is participated by,[],[],Relation
"The device emitted a low pulse, causing Jordan to still.",device,is participated by,[],[],Relation
"The device emitted a low pulse, causing Jordan to still.",Jordan,is participated by,[],[],Relation
'Could be fundamentally changed by this.',this,is participated by,[],[],Relation
A calculated risk—that's what this was.,this,is participated by,[],[],Relation
"For a person of science, a gamble was worth the potential paradigm shift.",person of science,is participated by,[],[],Relation
"'I’ve been thinking,' Alex started, his eyes still fixed on the immediately tangible mystery before them.",Alex,is participated by,[],[],Relation
"Not the mission parameters, but what this means for us—humanity.'",humanity,is participated by,[],[],Relation
"Jordan glanced up, meeting his eyes just long enough to convey the shared enormity of their situation, the career-defining glory and existential dread entwined.",Jordan,is participated by,[],[],Relation
"Jordan glanced up, meeting his eyes just long enough to convey the shared enormity of their situation, the career-defining glory and existential dread entwined.",his,is participated by,[],[],Relation
We're standing on the precipice of knowledge that could either elevate us or condemn us.',We,is participated by,[],[],Relation
We're standing on the precipice of knowledge that could either elevate us or condemn us.',knowledge,is participated by,[],[],Relation
The charged air between them spiked as Taylor Cruz’s brusque tones sliced through their reverie.,Taylor Cruz,is participated by,[],[],Relation
"'Hayes, Mercer, this isn't philosophy hour.",Hayes,is participated by,[],[],Relation
"'Hayes, Mercer, this isn't philosophy hour.",Mercer,is participated by,[],[],Relation
"We need actionable intel, not daydreams.'",We,is participated by,[],[],Relation
"With a sound of restrained acknowledgment, Jordan returned their gaze to the device, while Alex clenched his jaw, the buzz of frustration dull against the backdrop of Taylor's authoritarian certainty.",Jordan,is participated by,[],[],Relation
"With a sound of restrained acknowledgment, Jordan returned their gaze to the device, while Alex clenched his jaw, the buzz of frustration dull against the backdrop of Taylor's authoritarian certainty.",device,is participated by,[],[],Relation
"With a sound of restrained acknowledgment, Jordan returned their gaze to the device, while Alex clenched his jaw, the buzz of frustration dull against the backdrop of Taylor's authoritarian certainty.",Alex,is participated by,[],[],Relation
"With a sound of restrained acknowledgment, Jordan returned their gaze to the device, while Alex clenched his jaw, the buzz of frustration dull against the backdrop of Taylor's authoritarian certainty.",Taylor,is participated by,[],[],Relation
"It was this competitive undercurrent that kept him alert, the sense that his and Jordan's shared commitment to discovery was an unspoken rebellion against Cruz's narrowing vision of control and order.",Jordan,is participated by,[],[],Relation
"It was this competitive undercurrent that kept him alert, the sense that his and Jordan's shared commitment to discovery was an unspoken rebellion against Cruz's narrowing vision of control and order.",Cruz,is participated by,[],[],Relation
Then Taylor did something unexpected.,Taylor,is participated by,[],[],Relation
"They paused beside Jordan and, for a moment, observed the device with something akin to reverence.",Taylor,is participated by,[],[],Relation
"They paused beside Jordan and, for a moment, observed the device with something akin to reverence.",Jordan,is participated by,[],[],Relation
"They paused beside Jordan and, for a moment, observed the device with something akin to reverence.",device,is participated by,[],[],Relation
"'If this tech can be understood...' Taylor said, their voice quieter, 'It could change the game for us.",Taylor,is participated by,[],[],Relation
"'If this tech can be understood...' Taylor said, their voice quieter, 'It could change the game for us.",tech,is participated by,[],[],Relation
"'If this tech can be understood...' Taylor said, their voice quieter, 'It could change the game for us.",us,is participated by,[],[],Relation
For all of us.',us,is participated by,[],[],Relation
"The underlying dismissal earlier seemed to falter, replaced by a glimpse of reluctant respect for the gravity of what lay in their hands.",respect,is participated by,[],[],Relation
"The underlying dismissal earlier seemed to falter, replaced by a glimpse of reluctant respect for the gravity of what lay in their hands.",gravity,is participated by,[],[],Relation
"Jordan looked up, and for a fleeting heartbeat, their eyes locked with Taylor's, a wordless clash of wills softening into an uneasy truce.",Jordan,is participated by,[],[],Relation
"Jordan looked up, and for a fleeting heartbeat, their eyes locked with Taylor's, a wordless clash of wills softening into an uneasy truce.",Taylor,is participated by,[],[],Relation
"It was a small transformation, barely perceptible, but one that Alex noted with an inward nod.",Alex,is participated by,[],[],Relation
They had all been brought here by different paths and for different reasons.,They,is participated by,[],[],Relation
"Yet, beneath the veneer of duty, the enticement of the vast unknown pulled them inexorably together, coalescing their distinct desires into a shared pulse of anticipation.",duty,is participated by,[],[],Relation
"Yet, beneath the veneer of duty, the enticement of the vast unknown pulled them inexorably together, coalescing their distinct desires into a shared pulse of anticipation.",unknown,is participated by,[],[],Relation
"Marshaled back to the moment by the blink of lights and whir of machinery, they refocused their efforts, each movement sharpened by the knowledge that beyond understanding the unearthly artifacts, they might be piecing together the future of their species.",lights,is participated by,[],[],Relation
"Marshaled back to the moment by the blink of lights and whir of machinery, they refocused their efforts, each movement sharpened by the knowledge that beyond understanding the unearthly artifacts, they might be piecing together the future of their species.",machinery,is participated by,[],[],Relation
"Marshaled back to the moment by the blink of lights and whir of machinery, they refocused their efforts, each movement sharpened by the knowledge that beyond understanding the unearthly artifacts, they might be piecing together the future of their species.",artifacts,is participated by,[],[],Relation
"Marshaled back to the moment by the blink of lights and whir of machinery, they refocused their efforts, each movement sharpened by the knowledge that beyond understanding the unearthly artifacts, they might be piecing together the future of their species.",species,is participated by,[],[],Relation
"Amidst the sterility of the briefing room, the liminal space between the facts laid out and the hidden truths, sat Sam Rivera, his demeanor an artful balance of focus and a casual disguise of his razor-sharp talent with technology.",briefing room,is participated by,[],[],Relation
"Amidst the sterility of the briefing room, the liminal space between the facts laid out and the hidden truths, sat Sam Rivera, his demeanor an artful balance of focus and a casual disguise of his razor-sharp talent with technology.",Sam Rivera,is participated by,[],[],Relation
"Amidst the sterility of the briefing room, the liminal space between the facts laid out and the hidden truths, sat Sam Rivera, his demeanor an artful balance of focus and a casual disguise of his razor-sharp talent with technology.",technology,is participated by,[],[],Relation
"Across from him, Alex Mercer lingered in thought, the mental cogs turning as each file on Dulce stirred more than curiosity—it beckoned to a past both honored and burdensome.",Alex Mercer,is participated by,[],[],Relation
"Across from him, Alex Mercer lingered in thought, the mental cogs turning as each file on Dulce stirred more than curiosity—it beckoned to a past both honored and burdensome.",file,is participated by,[],[],Relation
"Across from him, Alex Mercer lingered in thought, the mental cogs turning as each file on Dulce stirred more than curiosity—it beckoned to a past both honored and burdensome.",Dulce,is participated by,[],[],Relation
"'You've been quiet, Sam,' Alex noted, catching the younger man's contemplative gaze.",Sam,is participated by,[],[],Relation
"'You've been quiet, Sam,' Alex noted, catching the younger man's contemplative gaze.",Alex,is participated by,[],[],Relation
'Your take on these signal inconsistencies?',signal inconsistencies,is participated by,[],[],Relation
"There was a respect in Alex's tone, though a respectful distance remained—a gulf of experience and a hint of protective mentorship that stood between them.",Alex,is participated by,[],[],Relation
"Sam nodded, recognizing the space afforded to him, and he couldn't help but feel the weight of expectation pressing upon his shoulders.",Sam,is participated by,[],[],Relation
"It wasn't just the mission that was immense, it was the trust being placed in him.",mission,is participated by,[],[],Relation
"It wasn't just the mission that was immense, it was the trust being placed in him.",trust,is participated by,[],[],Relation
"'The patterns are... off,' Sam admitted, hesitant but driven.",Sam,is participated by,[],[],Relation
"'The patterns are... off,' Sam admitted, hesitant but driven.",patterns,is participated by,[],[],Relation
"'If I'm right, what we're looking at isn't random—it's a structured anomaly.",we,is participated by,[],[],Relation
"'If I'm right, what we're looking at isn't random—it's a structured anomaly.",anomaly,is participated by,[],[],Relation
We need to be ready for anything.',We,is participated by,[],[],Relation
Alex's eyes brightened with a subtle approval that crossed the distance like a silent nod.,Alex,is participated by,[],[],Relation
"Keen eyes will keep us ahead—or at least not blindsided,' he said, affirming the belief that inscribed Sam's role as more than the tech personnel—he was to be a guiding intellect in the heart of uncertainty.",Sam,is participated by,[],[],Relation
"Keen eyes will keep us ahead—or at least not blindsided,' he said, affirming the belief that inscribed Sam's role as more than the tech personnel—he was to be a guiding intellect in the heart of uncertainty.",tech personnel,is participated by,[],[],Relation
"Their exchange was cut short by Taylor Cruz's abrupt arrival, his gait brimming with a robust confidence that veiled the sharp undercurrents of his striving nature.",Taylor Cruz,is participated by,[],[],Relation
"Dulce waits for no one,' Taylor announced, his voice carrying an iron resolve that knew the costs of hesitation—though whether the cost was calculated in human or career terms was an ambiguity he wore like a badge of honor.",Taylor,is participated by,[],[],Relation
"Dulce waits for no one,' Taylor announced, his voice carrying an iron resolve that knew the costs of hesitation—though whether the cost was calculated in human or career terms was an ambiguity he wore like a badge of honor.",Dulce,is participated by,[],[],Relation
"As Sam and Alex nodded in unison, the icy chasm of hierarchy and cryptic protocols seemed momentarily to bridge over with an understanding—this mission was convergence, a nexus point that would challenge each of their motives and strength.",Sam,is participated by,[],[],Relation
"As Sam and Alex nodded in unison, the icy chasm of hierarchy and cryptic protocols seemed momentarily to bridge over with an understanding—this mission was convergence, a nexus point that would challenge each of their motives and strength.",Alex,is participated by,[],[],Relation
"As Sam and Alex nodded in unison, the icy chasm of hierarchy and cryptic protocols seemed momentarily to bridge over with an understanding—this mission was convergence, a nexus point that would challenge each of their motives and strength.",mission,is participated by,[],[],Relation
"They filed out of the briefing room, their footsteps synchronized, a rhythm that spoke volumes of the unknown cadence they would soon march to within the base's veins.",briefing room,is participated by,[],[],Relation
"They filed out of the briefing room, their footsteps synchronized, a rhythm that spoke volumes of the unknown cadence they would soon march to within the base's veins.",base,is participated by,[],[],Relation
"For Alex Mercer, the link with Sam Rivera, though distant, was now poised with a mutuality ready to be tested, for Taylor Cruz, the initiative pulsed like a heartbeat, anticipation thinly veiled behind a mask of duty.",Alex Mercer,is participated by,[],[],Relation
"For Alex Mercer, the link with Sam Rivera, though distant, was now poised with a mutuality ready to be tested, for Taylor Cruz, the initiative pulsed like a heartbeat, anticipation thinly veiled behind a mask of duty.",Sam Rivera,is participated by,[],[],Relation
"For Alex Mercer, the link with Sam Rivera, though distant, was now poised with a mutuality ready to be tested, for Taylor Cruz, the initiative pulsed like a heartbeat, anticipation thinly veiled behind a mask of duty.",Taylor Cruz,is participated by,[],[],Relation
"For Alex Mercer, the link with Sam Rivera, though distant, was now poised with a mutuality ready to be tested, for Taylor Cruz, the initiative pulsed like a heartbeat, anticipation thinly veiled behind a mask of duty.",duty,is participated by,[],[],Relation
"In the midst of the descent, they were each alone yet irrevocably joined, stepping closer towards the volatile embrace of Operation: Dulce.",Operation: Dulce,is participated by,[],[],Relation
