name:ID,type,concepts,synsets,:LABEL
Alex Mercer,entity,[],[],Node
projectors,entity,[],[],Node
folder,entity,[],[],Node
Taylor Cruz,entity,[],[],Node
Jordan Hayes,entity,[],[],Node
Sam Rivera,entity,[],[],Node
transmission logs,entity,[],[],Node
himself,entity,[],[],Node
The thrumming of monitors cast a stark contrast to the rigid silence enveloping the group.,event,[],[],Node
Agent Alex Mercer seemed dwarfed by the enormity of the sterile briefing room.,event,[],[],Node
He scanned the projectors outlining their impending odyssey into Operation: Dulce.,event,[],[],Node
Taylor Cruz spoke with an edge that demanded attention.,event,[],[],Node
Alex Mercer flickered a strained smile and thumbed his folder's corner.,event,[],[],Node
"He said 'Of course not, Agent Cruz. Just trying to soak in all the details.'",event,[],[],Node
Jordan Hayes narrowed their eyes but offered a supportive nod.,event,[],[],Node
They knew well enough the struggle of aligning personal convictions with overarching missions.,event,[],[],Node
Sam Rivera added 'I’ve combed through the last transmission logs.',event,[],[],Node
"Taylor Cruz snorted dismissively and said 'Focus, people. We have protocols for a reason.'",event,[],[],Node
Taylor Cruz said 'Speculation is counter-productive.',event,[],[],Node
"Alex Mercer straightened in his seat and said 'I agree, Agent Cruz. Protocol is paramount.'",event,[],[],Node
Alex Mercer spoke in compliance with Taylor Cruz.,event,[],[],Node
"A quiet resolve took form within Alex, galvanized by the groundwork laid by their interactions.",event,[],[],Node
Everyone began to collect their binders and prepare for departure.,event,[],[],Node
Alex Mercer's determination had merely taken a subtler form.,event,[],[],Node
He wouldn't surrender so easily to the forthcoming shadows.,event,[],[],Node
monitors,entity,[],[],Node
group,entity,[],[],Node
Agent Alex Mercer seemed dwarfed by the enormity of the sterile briefing room where Paranormal Military Squad's elite convened.,event,[],[],Node
sterile briefing room,entity,[],[],Node
Paranormal Military Squad's elite,entity,[],[],Node
Operation: Dulce,entity,[],[],Node
"Taylor Cruz's voice, laced with an edge that demanded attention, said 'I assume, Agent Mercer, you’re not having second thoughts?'",event,[],[],Node
"Alex flickered a strained smile, still thumbing his folder's corner.",event,[],[],Node
"Jordan said 'Details are imperative. We’ll need your clear-headedness down there, Mercer.'",event,[],[],Node
"Sam Rivera added 'I’ve combed through the last transmission logs. If anyone can make sense of the anomalies, it’s going to be the two of you.'",event,[],[],Node
Taylor snorted dismissively.,event,[],[],Node
"Taylor said 'Focus, people. We have protocols for a reason. Speculation is counter-productive.'",event,[],[],Node
"Alex straightened in his seat and said 'I agree, Agent Cruz. Protocol is paramount,' meeting Taylor's steely gaze.",event,[],[],Node
"Jordan tilted their head ever so slightly, their eyes revealing a spark of understanding.",event,[],[],Node
everyone,entity,[],[],Node
binders,entity,[],[],Node
Paranormal Military Squad,entity,[],[],Node
briefing room,entity,[],[],Node
last transmission logs,entity,[],[],Node
The Paranormal Military Squad's elite convened in the room.,event,[],[],Node
Agent Alex Mercer scanned the projectors outlining their impending odyssey into Operation: Dulce.,event,[],[],Node
He seemed dwarfed by the enormity of the sterile briefing room.,event,[],[],Node
Taylor Cruz asked if Agent Mercer was having second thoughts.,event,[],[],Node
Alex scanned the projectors with dulled eyes.,event,[],[],Node
Alex flickered a strained smile.,event,[],[],Node
Alex said he was just trying to soak in all the details.,event,[],[],Node
The compliance in his tone was unsettling to himself.,event,[],[],Node
Jordan Hayes narrowed their eyes.,event,[],[],Node
Jordan Hayes offered a supportive nod.,event,[],[],Node
Jordan Hayes said details are imperative.,event,[],[],Node
They knew the mission required clear-headedness.,event,[],[],Node
Sam Rivera said they had combed through the last transmission logs.,event,[],[],Node
Sam Rivera added that Alex and Jordan could make sense of the anomalies.,event,[],[],Node
Sam Rivera said Alex and Jordan could make sense of the anomalies.,event,[],[],Node
Taylor said speculation is counter-productive.,event,[],[],Node
They have protocols for a reason.,event,[],[],Node
The words 'counter-productive' hung in the air.,event,[],[],Node
Alex felt the weight of his compliance conflicting with his natural inclination.,event,[],[],Node
Alex straightened in his seat.,event,[],[],Node
He felt the weight of his compliance conflicting with his natural inclination.,event,[],[],Node
Alex said protocol is paramount.,event,[],[],Node
He straightened in his seat.,event,[],[],Node
Alex met Taylor's steely gaze.,event,[],[],Node
Jordan tilted their head slightly.,event,[],[],Node
Jordan's eyes revealed a spark of understanding.,event,[],[],Node
A quiet resolve took form within Alex.,event,[],[],Node
"With dulled eyes, he scanned the projectors outlining their impending odyssey into Operation: Dulce.",event,[],[],Node
he,entity,[],[],Node
Taylor Cruz's voice laced with an edge demanded attention.,event,[],[],Node
Taylor Cruz's voice,entity,[],[],Node
his folder's corner,entity,[],[],Node
"The compliance in his tone was unsettling, even to himself.",event,[],[],Node
his tone,entity,[],[],Node
"A comfortable silence lingered briefly before Sam Rivera added, 'I've combed through the last transmission logs.'",event,[],[],Node
"The words 'counter-productive' seemed to hang in the air, a tacit reprimand directed at Alex.",event,[],[],Node
words 'counter-productive',entity,[],[],Node
his seat,entity,[],[],Node
Taylor's steely gaze,entity,[],[],Node
their binders,entity,[],[],Node
their interactions,entity,[],[],Node
intercepted comm signals from Dulce,entity,[],[],Node
mission dynamics,entity,[],[],Node
team,entity,[],[],Node
Team,entity,[],[],Node
Dulce base,entity,[],[],Node
Sam Rivera sat alone in a cramped office.,event,[],[],Node
Their fingers paused over the keyboard as they leaned back in the chair.,event,[],[],Node
Alex Mercer arrived unexpectedly.,event,[],[],Node
Sam Rivera was surprised by the unexpected arrival.,event,[],[],Node
Alex Mercer asked Sam Rivera for a minute.,event,[],[],Node
Sam Rivera agreed to talk.,event,[],[],Node
Alex Mercer hesitated and weighed his words.,event,[],[],Node
He was concerned about the silence from Dulce.,event,[],[],Node
Alex Mercer expressed concern about the silence from Dulce.,event,[],[],Node
Sam Rivera reflected on the limits of numbers.,event,[],[],Node
They shared a moment of understanding with Alex.,event,[],[],Node
Alex turned to leave.,event,[],[],Node
Sam Rivera's eyes drifted back to the screens.,event,[],[],Node
They saw the screens as windows into the challenge.,event,[],[],Node
Alex Mercer stood gazing at the concealed elevator.,event,[],[],Node
Jordan Hayes approached him.,event,[],[],Node
Jordan Hayes approached Alex Mercer.,event,[],[],Node
Jordan Hayes remarked on the mission's nature.,event,[],[],Node
Alex Mercer felt like they were being pulled into someone else's game.,event,[],[],Node
Jordan Hayes agreed and mentioned the lack of choice.,event,[],[],Node
Taylor Cruz interjected sharply.,event,[],[],Node
They needed to secure positions.,event,[],[],Node
Alex Mercer responded with a steadier voice.,event,[],[],Node
He gripped his rifle with a newfound firmness.,event,[],[],Node
Alex Mercer gripped his rifle with a newfound firmness.,event,[],[],Node
He said 'Let's proceed.',event,[],[],Node
Alex Mercer said 'Let's proceed.',event,[],[],Node
They congregated at the elevator.,event,[],[],Node
Sam Rivera piped in with a tone of balanced levity.,event,[],[],Node
Their laughter served as a brief respite.,event,[],[],Node
They stepped into the elevator.,event,[],[],Node
The doors closed with a silent hiss.,event,[],[],Node
They descended into the darkness together.,event,[],[],Node
Dr. Jordan Hayes mused over the layers of data.,event,[],[],Node
They felt reluctance to accept other possibilities.,event,[],[],Node
Dr. Jordan Hayes felt reluctance to accept other possibilities.,event,[],[],Node
Alex caught Jordan's reflective gaze.,event,[],[],Node
Alex leaned in and spoke to Jordan.,event,[],[],Node
He wanted to compliment Jordan's analytical edge.,event,[],[],Node
Alex complimented Jordan's analytical edge.,event,[],[],Node
"Jordan said 'Thank you, Alex.'",event,[],[],Node
The elevator shuddered.,event,[],[],Node
There was a vibration from the walls.,event,[],[],Node
Taylor Cruz ordered a systems check.,event,[],[],Node
Every agent checked their gear.,event,[],[],Node
Sam Rivera made a half-jest about Martians.,event,[],[],Node
The team chuckled.,event,[],[],Node
"The elevator came to a halting, eerie calm.",event,[],[],Node
The group stepped off.,event,[],[],Node
They stood in a tight pack.,event,[],[],Node
They shared a cautious glance.,event,[],[],Node
They fanned out into the unknown.,event,[],[],Node
The thick metal door closed behind them.,event,[],[],Node
The team advanced into Dulce base.,event,[],[],Node
Their torch beams sliced through the air.,event,[],[],Node
Their eyes danced across lines of code and intercepted comm signals.,event,[],[],Node
Alex's shadow loomed over Sam's workspace.,event,[],[],Node
Sam craned their neck upwards.,event,[],[],Node
Alex asked if Sam had a minute.,event,[],[],Node
Sam said always and swiveled to face Alex.,event,[],[],Node
Alex hesitated and weighed his words.,event,[],[],Node
Alex spoke about technology and intuition.,event,[],[],Node
Sam regarded Alex for a moment.,event,[],[],Node
Sam mirrored thought about intuition.,event,[],[],Node
Their shared silence held a newfound understanding.,event,[],[],Node
Sam's eyes drifted back to the screens.,event,[],[],Node
Jordan Hayes approached Mercer.,event,[],[],Node
Jordan remarked about the mission.,event,[],[],Node
Alex turned and replied about being pawns.,event,[],[],Node
Jordan gave a short nod.,event,[],[],Node
Jordan expressed feeling since the briefing.,event,[],[],Node
Their eyes locked with Alex's.,event,[],[],Node
Alex responded and gripped his rifle.,event,[],[],Node
Sam Rivera piped in with a joke.,event,[],[],Node
They laughed.,event,[],[],Node
The doors closed and they descended.,event,[],[],Node
Dr. Jordan Hayes mused over layers of data.,event,[],[],Node
Alex caught Jordan's gaze and leaned in.,event,[],[],Node
Jordan thanked Alex.,event,[],[],Node
A shudder ran through the elevator.,event,[],[],Node
Cruz reacted and ordered a systems check.,event,[],[],Node
Sam's voice crackled with a joke.,event,[],[],Node
They chuckled.,event,[],[],Node
The elevator came to a halt.,event,[],[],Node
The team advanced into the depths of Dulce.,event,[],[],Node
The weight of the metal door closing reverberated.,event,[],[],Node
"Agents Alex Mercer, Jordan Hayes, Taylor Cruz, and Sam Rivera proceeded.",event,[],[],Node
electronic anomalies,entity,[],[],Node
panel,entity,[],[],Node
drone,entity,[],[],Node
mainframe room,entity,[],[],Node
secrets,entity,[],[],Node
Taylor Cruz set a brisk pace.,event,[],[],Node
Taylor Cruz ordered comms checks every thirty seconds.,event,[],[],Node
Sam offered a murmured 'Copy that'.,event,[],[],Node
Jordan Hayes paused at an innocuous looking panel.,event,[],[],Node
Jordan Hayes called Mercer and Rivera to come see the panel.,event,[],[],Node
Alex joined Jordan's side to examine the panel.,event,[],[],Node
Jordan explained the panel was a recent addition.,event,[],[],Node
The panel appeared out of place to the trained eye.,event,[],[],Node
Alex could respond.,event,[],[],Node
An approaching drone cut through their muffled exchange.,event,[],[],Node
Taylor heard the commotion.,event,[],[],Node
Taylor looped back to the group.,event,[],[],Node
The drone came into view with sensors locked onto the group.,event,[],[],Node
Taylor warned that they couldn't afford to attract attention.,event,[],[],Node
Sam reacted to the drone.,event,[],[],Node
Sam's tech-savvy mind was steps ahead.,event,[],[],Node
Sam used their gadgetry to interfere with the drone.,event,[],[],Node
The drone drifted away.,event,[],[],Node
The crew exhaled with relief.,event,[],[],Node
Cruz directed the team to move out.,event,[],[],Node
Cruz told Rivera to keep that trick handy.,event,[],[],Node
The team pressed onward.,event,[],[],Node
Every agent held a renewed sense of wariness.,event,[],[],Node
The base was alive in a way they hadn't fully anticipated.,event,[],[],Node
The team converged upon a central hub.,event,[],[],Node
The doors to the mainframe room stood ajar.,event,[],[],Node
They fortified their resolve and stepped through the threshold.,event,[],[],Node
Darkness uncovered steel doors with warnings that spoke of top secrets and mortal dangers.,event,[],[],Node
darkness,entity,[],[],Node
steel doors,entity,[],[],Node
Taylor Cruz stepped firmly into the role of de facto leader and set a brisk pace.,event,[],[],Node
"Taylor ordered 'Eyes sharp, people. Comms check, every thirty seconds.'",event,[],[],Node
Sam offered a murmured 'Copy that' while fiddling with a handheld device.,event,[],[],Node
handheld device,entity,[],[],Node
"Jordan said 'Mercer, Rivera, come see this.'",event,[],[],Node
Rivera,entity,[],[],Node
Alex joined Jordan's side and examined the panel.,event,[],[],Node
Jordan explained their reasoning as Sam approached.,event,[],[],Node
Jordan said 'This panel is a recent addition — covering something they didn't want found.',event,[],[],Node
The soft whir of an approaching drone cut through their muffled exchange.,event,[],[],Node
Taylor had looped back upon hearing the commotion.,event,[],[],Node
Cruz's voice trailed off as the small airborne device came into view.,event,[],[],Node
Cruz,entity,[],[],Node
airborne device,entity,[],[],Node
Sam reacted first and declared 'I've got this.',event,[],[],Node
Sam's fingers flew over the controls of their own gadgetry to ward off the threat.,event,[],[],Node
gadgetry,entity,[],[],Node
threat,entity,[],[],Node
The drone lingered and its scan seemed more curious than hostile.,event,[],[],Node
The drone drifted away and retreated into the shadows.,event,[],[],Node
shadows,entity,[],[],Node
The crew exhaled in a moment of collective relief.,event,[],[],Node
crew,entity,[],[],Node
Cruz squared their shoulders and directed 'Move out.',event,[],[],Node
"Cruz said 'And Rivera, keep that trick handy.'",event,[],[],Node
The team pressed onward with soft beeps of regular comms checks.,event,[],[],Node
comms checks,entity,[],[],Node
agent,entity,[],[],Node
The group converged upon a central hub where the imposing doors to the mainframe room stood ajar.,event,[],[],Node
central hub,entity,[],[],Node
doors,entity,[],[],Node
they,entity,[],[],Node
threshold,entity,[],[],Node
They moved deeper into the heart of the enigma.,event,[],[],Node
heart of the enigma,entity,[],[],Node
Their destinies were forever cemented to the legacy of Operation: Dulce.,event,[],[],Node
their destinies,entity,[],[],Node
alien technology,entity,[],[],Node
Agent Alex Mercer and Dr. Jordan Hayes,entity,[],[],Node
signal inconsistencies,entity,[],[],Node
"Agent Alex Mercer, Dr. Jordan Hayes, Taylor Cruz, Sam Rivera",entity,[],[],Node
The crackle of the comms system cut through the lab’s tension.,event,[],[],Node
Dr. Jordan Hayes hovered over a table arrayed with alien technology.,event,[],[],Node
"Agent Alex Mercer watched, admiration blooming in silent solidarity.",event,[],[],Node
Jordan realigned a translucent component.,event,[],[],Node
"The device emitted a low pulse, causing Jordan to still.",event,[],[],Node
The device emitted a low pulse.,event,[],[],Node
Jordan stilled.,event,[],[],Node
Jordan considered the potential paradigm shift from understanding the device.,event,[],[],Node
Jordan thought a gamble was worth the potential paradigm shift.,event,[],[],Node
Alex started speaking about what's at stake for humanity.,event,[],[],Node
"Jordan glanced up, meeting his eyes.",event,[],[],Node
They conveyed the shared enormity of their situation.,event,[],[],Node
Taylor Cruz’s brusque tones sliced through their reverie.,event,[],[],Node
"Jordan returned their gaze to the device, while Alex clenched his jaw.",event,[],[],Node
Taylor paused beside Jordan and observed the device with reverence.,event,[],[],Node
"Taylor said, 'If this tech can be understood... It could change the game for us.'",event,[],[],Node
Jordan looked up and locked eyes with Taylor.,event,[],[],Node
A wordless clash of wills softened into an uneasy truce.,event,[],[],Node
Alex noted the small transformation between Jordan and Taylor.,event,[],[],Node
Alex gave an inward nod.,event,[],[],Node
They refocused their efforts.,event,[],[],Node
They knew they might be piecing together the future of their species.,event,[],[],Node
Sam Rivera sat with a demeanor of focus and casual disguise.,event,[],[],Node
Alex Mercer lingered in thought.,event,[],[],Node
Alex noted Sam's contemplative gaze.,event,[],[],Node
Alex asked Sam for his take on signal inconsistencies.,event,[],[],Node
Sam admitted the patterns are off.,event,[],[],Node
Sam felt the weight of expectation pressing upon his shoulders.,event,[],[],Node
Sam said what they're looking at is a structured anomaly.,event,[],[],Node
Alex's eyes brightened with subtle approval.,event,[],[],Node
Alex affirmed Sam's role as a guiding intellect.,event,[],[],Node
Sam felt more than just tech personnel.,event,[],[],Node
Taylor Cruz announced it's time to gear up.,event,[],[],Node
Sam and Alex nodded in unison.,event,[],[],Node
The icy chasm of hierarchy seemed to bridge over with understanding.,event,[],[],Node
They filed out of the briefing room.,event,[],[],Node
Their footsteps synchronized.,event,[],[],Node
Alex's link with Sam was poised with mutuality.,event,[],[],Node
They were stepping closer towards Operation: Dulce.,event,[],[],Node
"The cooling vents hummed in a monotonous drone, but it was the crackle of the comms system coming to life that cut through the lab’s tension.",event,[],[],Node
cooling vents,entity,[],[],Node
comms system,entity,[],[],Node
lab,entity,[],[],Node
"Dr. Jordan Hayes hovered over a table arrayed with alien technology, their fingers delicately probing the enigmatic circuitry retrieved from the crash site.",event,[],[],Node
table,entity,[],[],Node
circuitry,entity,[],[],Node
crash site,entity,[],[],Node
"Agent Alex Mercer watched, admiration blooming in silent solidarity for Jordan's deft touch and unspoken drive.",event,[],[],Node
Jordan only allowed the faintest furrow of concentration to mar their brow.,event,[],[],Node
"'What we understand about physics...' they muttered, trailing off as they realigned a translucent component.",event,[],[],Node
translucent component,entity,[],[],Node
device,entity,[],[],Node
'Could be fundamentally changed by this.',event,[],[],Node
this,entity,[],[],Node
A calculated risk—that's what this was.,event,[],[],Node
"For a person of science, a gamble was worth the potential paradigm shift.",event,[],[],Node
person of science,entity,[],[],Node
"'I’ve been thinking,' Alex started, his eyes still fixed on the immediately tangible mystery before them.",event,[],[],Node
"Not the mission parameters, but what this means for us—humanity.'",event,[],[],Node
humanity,entity,[],[],Node
"Jordan glanced up, meeting his eyes just long enough to convey the shared enormity of their situation, the career-defining glory and existential dread entwined.",event,[],[],Node
his,entity,[],[],Node
We're standing on the precipice of knowledge that could either elevate us or condemn us.',event,[],[],Node
We,entity,[],[],Node
knowledge,entity,[],[],Node
The charged air between them spiked as Taylor Cruz’s brusque tones sliced through their reverie.,event,[],[],Node
"'Hayes, Mercer, this isn't philosophy hour.",event,[],[],Node
Hayes,entity,[],[],Node
"We need actionable intel, not daydreams.'",event,[],[],Node
"With a sound of restrained acknowledgment, Jordan returned their gaze to the device, while Alex clenched his jaw, the buzz of frustration dull against the backdrop of Taylor's authoritarian certainty.",event,[],[],Node
"It was this competitive undercurrent that kept him alert, the sense that his and Jordan's shared commitment to discovery was an unspoken rebellion against Cruz's narrowing vision of control and order.",event,[],[],Node
Then Taylor did something unexpected.,event,[],[],Node
"They paused beside Jordan and, for a moment, observed the device with something akin to reverence.",event,[],[],Node
"'If this tech can be understood...' Taylor said, their voice quieter, 'It could change the game for us.",event,[],[],Node
tech,entity,[],[],Node
us,entity,[],[],Node
For all of us.',event,[],[],Node
"The underlying dismissal earlier seemed to falter, replaced by a glimpse of reluctant respect for the gravity of what lay in their hands.",event,[],[],Node
respect,entity,[],[],Node
gravity,entity,[],[],Node
"Jordan looked up, and for a fleeting heartbeat, their eyes locked with Taylor's, a wordless clash of wills softening into an uneasy truce.",event,[],[],Node
"It was a small transformation, barely perceptible, but one that Alex noted with an inward nod.",event,[],[],Node
They had all been brought here by different paths and for different reasons.,event,[],[],Node
They,entity,[],[],Node
"Yet, beneath the veneer of duty, the enticement of the vast unknown pulled them inexorably together, coalescing their distinct desires into a shared pulse of anticipation.",event,[],[],Node
duty,entity,[],[],Node
unknown,entity,[],[],Node
"Marshaled back to the moment by the blink of lights and whir of machinery, they refocused their efforts, each movement sharpened by the knowledge that beyond understanding the unearthly artifacts, they might be piecing together the future of their species.",event,[],[],Node
lights,entity,[],[],Node
machinery,entity,[],[],Node
artifacts,entity,[],[],Node
species,entity,[],[],Node
"Amidst the sterility of the briefing room, the liminal space between the facts laid out and the hidden truths, sat Sam Rivera, his demeanor an artful balance of focus and a casual disguise of his razor-sharp talent with technology.",event,[],[],Node
technology,entity,[],[],Node
"Across from him, Alex Mercer lingered in thought, the mental cogs turning as each file on Dulce stirred more than curiosity—it beckoned to a past both honored and burdensome.",event,[],[],Node
file,entity,[],[],Node
Dulce,entity,[],[],Node
"'You've been quiet, Sam,' Alex noted, catching the younger man's contemplative gaze.",event,[],[],Node
'Your take on these signal inconsistencies?',event,[],[],Node
"There was a respect in Alex's tone, though a respectful distance remained—a gulf of experience and a hint of protective mentorship that stood between them.",event,[],[],Node
"Sam nodded, recognizing the space afforded to him, and he couldn't help but feel the weight of expectation pressing upon his shoulders.",event,[],[],Node
"It wasn't just the mission that was immense, it was the trust being placed in him.",event,[],[],Node
mission,entity,[],[],Node
trust,entity,[],[],Node
"'The patterns are... off,' Sam admitted, hesitant but driven.",event,[],[],Node
patterns,entity,[],[],Node
"'If I'm right, what we're looking at isn't random—it's a structured anomaly.",event,[],[],Node
we,entity,[],[],Node
anomaly,entity,[],[],Node
We need to be ready for anything.',event,[],[],Node
Alex's eyes brightened with a subtle approval that crossed the distance like a silent nod.,event,[],[],Node
"Keen eyes will keep us ahead—or at least not blindsided,' he said, affirming the belief that inscribed Sam's role as more than the tech personnel—he was to be a guiding intellect in the heart of uncertainty.",event,[],[],Node
tech personnel,entity,[],[],Node
"Their exchange was cut short by Taylor Cruz's abrupt arrival, his gait brimming with a robust confidence that veiled the sharp undercurrents of his striving nature.",event,[],[],Node
"Dulce waits for no one,' Taylor announced, his voice carrying an iron resolve that knew the costs of hesitation—though whether the cost was calculated in human or career terms was an ambiguity he wore like a badge of honor.",event,[],[],Node
"As Sam and Alex nodded in unison, the icy chasm of hierarchy and cryptic protocols seemed momentarily to bridge over with an understanding—this mission was convergence, a nexus point that would challenge each of their motives and strength.",event,[],[],Node
"They filed out of the briefing room, their footsteps synchronized, a rhythm that spoke volumes of the unknown cadence they would soon march to within the base's veins.",event,[],[],Node
base,entity,[],[],Node
"For Alex Mercer, the link with Sam Rivera, though distant, was now poised with a mutuality ready to be tested, for Taylor Cruz, the initiative pulsed like a heartbeat, anticipation thinly veiled behind a mask of duty.",event,[],[],Node
"In the midst of the descent, they were each alone yet irrevocably joined, stepping closer towards the volatile embrace of Operation: Dulce.",event,[],[],Node
